assists,bonus,bps,clean_sheets,corners_and_indirect_freekicks_order,creativity,creativity_rank,direct_freekicks_order,dreamteam_count,first_name,second_name,element_type,goals_scored,ict_index,ict_index_rank,id,influence,influence_rank,minutes,penalties_missed,penalties_order,points_per_game,red_cards,saves,selected_by_percent,team,team_code,threat,threat_rank,threat_rank_type,total_points,transfers_in,transfers_out,yellow_cards,prices
11,21,730,11,1,898.6,12,1,3,Aaron,Cresswell,DEF,0,166.8,53,435,669.4,59,3170,0,0,4.2,0,0,18.2,19,21,96,291,95,153,3554519,2331163,3,5.5
5,11,729,13,0,498.2,58,0,2,Aaron,Wan-Bissaka,DEF,2,144.1,77,313,785.4,25,3060,0,0,4.2,0,0,18.8,13,1,159,224,60,144,2195016,1654399,3,5.5
0,0,470,9,0,96.6,278,0,0,Adam,Webster,DEF,1,84.6,192,66,505.4,126,2594,0,0,2.9,0,0,1,3,36,244,161,26,85,129867,255711,4,4.5
0,4,190,3,0,201.8,191,0,1,Ahmed,El Mohamady,DEF,0,43.9,309,29,170.4,316,833,0,0,2.4,0,0,0.3,2,7,65,332,112,33,52535,66391,2,4.5
2,3,149,1,3,200.7,193,0,0,Alex Nicolao,Telles,DEF,0,40.1,323,568,168.6,322,689,0,0,2.8,0,0,0.5,13,1,33,372,138,25,264515,251290,0,5
0,0,3,0,0,0,533,0,0,Allan,Tchaptchet,DEF,0,0,563,635,0,554,12,0,0,0,0,0,0,16,20,0,510,201,0,1830,1519,0,4
0,9,323,8,0,80.9,305,0,1,Andreas,Christensen,DEF,0,40.9,320,116,293.4,235,1371,0,0,3.6,1,0,1.1,5,8,34,371,137,61,180271,127699,2,5
8,19,834,12,1,1129.3,5,0,3,Andrew,Robertson,DEF,1,224.5,24,255,754.4,35,3384,0,0,4.2,0,0,16.5,11,14,359,106,8,161,2667908,2484827,2,7
0,5,461,9,0,56.4,337,0,2,Angelo,Ogbonna,DEF,3,79.1,206,432,489.8,139,2492,0,0,3.6,0,0,0.8,19,21,244,162,27,100,395549,384660,5,5
0,0,0,0,0,0,494,0,0,Anthony,Driscoll-Glennon,DEF,0,0,527,536,0,518,0,0,0,0,0,0,0.1,4,90,0,469,179,0,9512,9358,0,4
0,9,429,11,0,83.8,301,0,1,Antonio,Rudiger,DEF,1,65.4,249,109,368.6,199,1710,0,0,4.9,0,0,5.6,5,8,201,186,41,93,793208,518969,0,5.5
2,4,209,4,0,200.5,194,0,1,Arthur,Masuaku,DEF,0,45,305,442,187.4,299,1006,0,0,3.5,0,0,0.4,19,21,62,338,117,42,234799,245814,2,4.5
0,0,59,0,0,6,436,0,0,Axel,Tuanzebe,DEF,0,10,419,307,95,381,402,0,0,0.8,0,0,0.1,13,1,0,528,214,7,22803,20416,2,4
0,4,286,7,0,78,308,0,0,Aymeric,Laporte,DEF,0,39.6,325,280,233.4,272,1343,0,0,3.6,0,0,2.3,12,43,85,305,101,58,204996,407135,1,5.5
0,0,0,0,0,0,483,0,0,Barry,Douglas,DEF,0,0,518,196,0,509,0,0,0,0,0,0,2.8,10,2,0,455,171,0,252878,1037826,0,4
0,0,0,0,0,0,666,0,0,Ben,Davies,DEF,0,0,677,653,0,674,0,0,0,0,0,0,0,11,14,0,658,235,0,4479,3836,0,4
2,1,253,4,0,136.8,229,0,0,Ben,Davies,DEF,0,43.4,311,395,232.8,273,1340,0,0,2.6,0,0,0.6,17,6,65,333,113,52,131476,270768,1,4.5
0,0,0,0,0,0,492,0,0,Ben,Gibson,DEF,0,0,525,94,0,516,0,0,0,0,0,0,0.1,4,90,0,466,176,0,6239,20203,0,4
2,7,537,11,0,84.3,300,0,2,Ben,Godfrey,DEF,0,84.8,191,566,610.4,66,2683,0,0,3.2,0,0,1.9,7,11,152,237,66,100,234703,86451,4,5
0,0,104,1,0,63.7,331,0,0,Ben,Johnson,DEF,1,18.9,389,452,98,379,516,0,0,1.8,0,0,2.2,19,21,28,379,140,25,327059,361679,1,4
0,7,500,10,0,71.6,320,0,1,Ben,Mee,DEF,2,107.9,123,88,691,53,2693,0,0,3.4,0,0,2.9,4,90,312,125,15,102,784895,599085,3,5
0,5,571,12,0,152.5,221,0,1,Ben,White,DEF,0,79.7,202,74,488.6,140,3192,0,0,2.9,1,0,1.9,3,36,153,234,65,104,321865,297599,3,4.5
6,11,549,12,3,535.8,51,0,2,Benjamin,Chilwell,DEF,3,148.5,73,232,545,99,2286,0,0,5.1,0,0,14.6,5,8,408,90,5,139,4126264,3310868,3,6
1,8,222,5,0,117.1,248,0,3,Benjamin,Mendy,DEF,2,38.4,328,274,179.8,305,951,0,0,4.8,0,0,1.7,12,43,89,295,96,63,239378,274033,2,5.5
0,0,30,0,0,32.4,364,0,0,Bernardo,Fernandes da Silva Junior,DEF,0,12.8,410,75,27.2,440,205,0,0,1.7,0,0,4,3,36,69,325,109,5,319447,912494,0,4
0,0,0,0,0,0,543,0,0,Billy,Koumetio,DEF,0,0,573,697,0,564,0,0,0,0,0,0,0,11,14,0,520,208,0,115,40,0,4
0,0,0,0,0,0,587,0,0,Bjorn,Engels,DEF,0,0,609,36,0,601,0,0,0,0,0,0,0.1,2,7,0,569,228,0,12320,19555,0,4
0,0,0,0,0,0,499,0,0,Bobby,Thomas,DEF,0,0,532,520,0,523,0,0,0,0,0,0,0.4,4,90,0,475,183,0,48725,57391,0,4
0,0,26,0,0,19.4,393,0,0,Brandon,Williams,DEF,0,6.5,438,318,26.6,442,187,0,0,1.2,0,0,0.5,13,1,19,389,147,5,26490,112321,0,4
0,3,360,5,0,114.4,250,0,0,Caglar,Soyuncu,DEF,1,67.7,239,238,403.6,184,1816,0,0,2.6,0,0,3,9,13,157,226,62,59,219265,921037,2,5
3,3,168,2,0,169.4,209,0,1,Calum,Chambers,DEF,0,41.9,316,13,171.8,313,751,0,0,3.6,0,0,0.2,1,3,77,320,108,36,27587,16500,0,4.5
0,0,0,0,0,0,493,0,0,Cameron,Carter-Vickers,DEF,0,0,526,521,0,517,0,0,0,0,0,0,0.2,17,6,0,467,177,0,18844,34745,0,4
1,3,125,2,0,114.8,249,5,0,Cedric,Soares,DEF,0,29.2,356,5,110.8,366,744,0,0,2.8,0,0,0.3,1,3,66,330,110,28,41602,66906,1,4.5
2,12,518,13,0,413.3,81,0,1,Cesar,Azpilicueta,DEF,1,107.9,124,102,502.2,128,2187,0,0,4.3,1,0,6.4,5,8,164,217,57,113,818667,871644,5,6
0,0,0,0,0,0,547,0,0,Charlie,Cresswell,DEF,0,0,577,620,0,568,0,0,0,0,0,0,0.1,10,2,0,524,211,0,12679,8180,0,4
2,5,451,8,0,248.5,166,0,0,Charlie,Taylor,DEF,0,79.5,203,97,494.4,135,2425,0,0,2.9,0,0,1.4,4,90,52,348,123,83,624199,864368,1,4.5
0,0,0,0,0,0,689,0,0,Chris,Smalling,DEF,0,0,698,292,0,695,0,0,0,0,0,0,0.1,13,1,0,685,242,0,1911,12302,0,4
0,2,112,3,0,33.9,360,3,0,Christian,Fuchs,DEF,0,19.2,386,218,137,345,701,0,0,2.7,0,0,0.2,9,13,22,387,145,24,45484,44838,4,4
0,0,0,0,0,0,502,0,0,Christian,Marques,DEF,0,0,535,616,0,526,0,0,0,0,0,0,0.1,20,39,0,478,186,0,15313,8461,0,4
0,2,291,3,0,29.8,372,0,0,Ciaran,Clark,DEF,1,53.9,280,324,402.6,186,1890,0,0,2.1,0,0,0.2,14,4,105,279,88,46,71180,65488,3,4.5
0,0,0,0,0,0,529,0,0,Cody,Drameh,DEF,0,0,559,694,0,550,0,0,0,0,0,0,0,10,2,0,506,197,0,160,94,0,4
0,7,606,10,0,40.1,351,0,0,Conor,Coady,DEF,1,82,199,459,692.2,51,3303,0,0,2.9,0,0,6.3,20,39,85,304,100,106,798453,959609,5,4.5
0,3,336,7,0,30.2,369,0,2,Craig,Dawson,DEF,3,68.4,237,576,433.6,174,1925,0,0,3.4,1,0,0.9,19,21,219,178,37,75,193887,125129,3,5
0,1,330,6,0,183.1,202,0,0,Dan,Burn,DEF,1,78.2,208,61,389,189,2057,0,0,2.4,0,0,0.7,3,36,214,180,39,64,103330,104391,5,4.5
0,2,121,0,0,10.9,416,0,0,Daniel,Amartey,DEF,1,22.7,373,227,155,331,718,0,0,1.7,0,0,1.2,9,13,61,339,118,19,183417,204986,3,4
0,0,0,0,0,0,661,0,0,Danny,Rose,DEF,0,0,673,384,0,670,0,0,0,0,0,0,0.1,17,6,0,652,233,0,3535,26927,0,4
0,0,230,3,0,46.7,346,4,0,David,Luiz Moreira Marinho,DEF,1,43.9,310,3,250.6,264,1396,0,0,2,1,0,0.8,1,3,144,244,70,41,77302,131045,1,5
0,3,256,4,0,20,389,0,0,Davinson,Sanchez,DEF,0,45.5,302,398,319.2,228,1486,0,0,2.4,0,0,0.7,17,6,114,271,85,43,71573,108517,1,4.5
0,0,68,1,0,41.8,350,0,0,DeAndre,Yedlin,DEF,0,12,413,335,58.6,412,435,0,0,2.2,0,0,0.2,14,4,20,388,146,13,35572,56824,0,4
0,3,255,4,0,51,340,0,1,Diego,Llorente,DEF,1,46,301,549,293,236,1203,0,0,3.3,0,0,0.6,10,2,115,267,82,50,77650,34721,1,4.5
0,0,24,1,0,7.7,433,0,0,Emerson,Palmieri dos Santos,DEF,0,2.7,463,111,17.4,457,88,0,0,3.5,0,0,0.1,5,8,2,446,168,7,10496,19910,0,4
1,0,222,5,0,87.7,293,0,0,Emil,Krafth,DEF,1,41.6,317,333,240.4,270,1286,0,0,2.8,0,0,0.2,14,4,88,297,97,45,18860,13917,4,4.5
0,6,178,3,0,8.3,429,0,0,Eric,Bailly,DEF,0,21.1,378,310,175.6,311,915,0,0,2.6,0,0,0.3,13,1,26,382,143,31,76269,83092,3,5
0,2,463,8,0,82.2,304,3,0,Eric,Dier,DEF,0,77.4,212,391,577,85,2520,0,0,2.8,0,0,2.4,17,6,114,269,84,77,783222,766145,3,4.5
0,0,64,0,0,26.4,380,0,0,Eric,Garcia,DEF,0,9.8,422,288,67.6,405,380,0,0,1,0,0,0.2,12,43,5,429,163,6,13209,26712,0,4
3,5,203,3,5,77,310,0,0,Erik,Pieters,DEF,0,34,343,83,199.4,291,1260,0,0,2.5,0,0,0.4,4,90,63,336,115,50,134740,197341,1,4.5
3,7,449,10,0,423,76,0,3,Ezgjan,Alioski,DEF,2,118.5,103,201,477.8,147,2456,0,0,3.1,0,0,3.2,10,2,281,144,19,110,593961,399434,7,5
0,8,580,12,0,34.2,359,0,1,Ezri,Konsa Ngoyo,DEF,2,101,146,46,695.6,49,3195,0,0,3.3,0,0,6.2,2,7,276,150,22,119,1426216,1059500,3,5
0,0,193,4,0,9,426,0,0,Fabian,Balbuena,DEF,1,35,337,443,260.8,257,1197,0,0,2.8,1,0,0.6,19,21,79,315,105,39,305099,294112,1,5
0,1,160,2,0,9,427,2,0,Fabian,Schar,DEF,1,37.6,334,334,251,263,1255,0,0,1.7,1,0,0.1,14,4,116,266,81,30,19342,20131,4,4.5
0,6,376,5,0,91.3,284,0,0,Federico,Fernandez,DEF,0,67.5,241,323,522,114,2080,0,0,2.2,0,0,0.6,14,4,64,335,114,53,114157,180259,4,4.5
2,8,303,7,0,220.8,184,0,2,Fernando,Luiz Rosa,DEF,0,57.6,264,266,248.6,266,1182,0,0,3.1,0,0,0.7,12,43,106,277,87,65,73976,121640,6,5
0,0,104,1,0,61.7,333,0,0,Fernando,Marcal,DEF,0,17.9,394,505,102.6,374,618,0,0,1.5,0,0,0.1,20,39,13,406,155,19,27818,44182,2,4.5
0,0,8,0,0,0.1,479,0,0,Fikayo,Tomori,DEF,0,2.7,464,121,26.6,443,45,0,0,0,0,0,0.2,5,8,0,660,237,0,8098,27327,0,4
0,0,0,0,0,0,574,0,0,Filip,Benkovic,DEF,0,0,598,237,0,590,0,0,0,0,0,0,0,9,13,0,555,224,0,296,5037,0,4
0,0,0,0,0,0,561,0,0,Florian,Lejeune,DEF,0,0,586,327,0,578,0,0,0,0,0,0,0,14,4,0,542,219,0,382,2738,0,4
0,0,0,0,0,0,572,0,0,Frederic,Guilbert,DEF,0,0,596,47,0,588,0,0,0,0,0,0,0.1,2,7,0,553,222,0,2055,10208,0,4
0,0,0,0,0,0,544,0,0,Frederik,Alves,DEF,0,0,574,637,0,565,0,0,0,0,0,0,0,19,21,0,521,209,0,3709,2184,0,4
0,7,385,6,0,51,341,0,1,Gabriel,Magalhaes,DEF,2,74.9,218,494,464.8,154,1996,0,0,3.4,1,0,4.6,1,3,233,168,31,78,1061292,1202841,2,5
0,1,30,1,0,0.9,463,0,0,Gaetano,Berardi,DEF,0,3.6,456,685,17.2,458,113,0,0,4,0,0,0,10,2,18,392,149,8,1280,413,0,4
1,6,308,4,0,90.1,287,0,1,Gary,Cahill,DEF,1,65.7,248,125,406.2,183,1800,0,0,2.6,0,0,0.2,6,31,157,225,61,53,37176,30784,3,5
2,8,632,13,0,133.6,234,0,1,Harry,Maguire,DEF,2,126.3,92,298,701.4,46,3047,0,0,3.6,0,0,4.3,13,1,428,86,4,124,830414,848747,11,5.5
3,17,421,7,0,351.8,107,0,3,Hector,Bellerin,DEF,1,94.7,158,11,362.8,204,2089,0,0,3.8,0,0,3.5,1,3,232,170,32,94,1050959,1190364,8,5
0,0,0,0,0,0,546,0,0,Hugo,Bueno,DEF,0,0,576,649,0,567,0,0,0,0,0,0,0,20,39,0,523,210,0,2522,1601,0,4
0,1,234,2,0,17.4,397,0,1,Issa,Diop,DEF,2,44.3,307,451,375.6,197,1379,0,0,2.3,0,0,0.6,19,21,48,353,126,42,49272,116025,3,4.5
0,6,288,4,0,85.6,297,0,1,Jack,Stephens,DEF,0,54.2,278,367,351,213,1537,0,0,2.3,0,0,0.2,16,20,104,280,89,41,33971,55453,2,4.5
0,0,5,0,0,14.8,403,0,0,Jake,Vokins,DEF,0,1.7,481,380,1.8,498,66,0,0,1,0,0,0.8,16,20,0,471,180,1,77272,122779,0,4
0,3,229,2,0,38.1,353,0,0,Jamaal,Lascelles,DEF,2,54.7,275,328,345.2,219,1625,0,0,2.3,0,0,0.8,14,4,161,221,58,44,212271,402533,4,4.5
0,0,0,0,0,0,537,0,0,Jamal,Baptiste,DEF,0,0,567,669,0,558,0,0,0,0,0,0,0,19,21,0,514,203,0,1072,739,0,4
1,3,261,3,0,224.8,182,0,1,Jamal,Lewis,DEF,0,54.2,277,513,272.6,252,1833,0,0,1.8,0,0,1.1,14,4,47,354,127,44,446207,507978,4,4.5
0,0,0,0,0,0,614,0,0,James,Bree,DEF,0,0,630,43,0,624,0,0,0,0,0,0,0,2,7,0,600,231,0,9840,10323,0,4
2,13,447,9,0,290.7,141,0,3,James,Justin,DEF,2,96,157,239,472.2,152,2070,0,0,4.4,0,0,6.1,9,13,195,194,47,101,2916788,3438570,4,5
0,9,534,11,0,148,223,0,1,James,Tarkowski,DEF,1,127.7,90,81,773.4,27,3240,0,0,3,0,0,3,4,90,350,109,10,109,321901,492488,6,5
0,2,97,2,0,11.4,414,0,0,James,Tomkins,DEF,0,14.1,404,129,101.2,376,551,0,0,2.2,0,0,0,6,31,29,376,139,18,7866,8154,1,4.5
1,11,584,9,0,75,315,0,2,Jan,Bednarek,DEF,1,93.1,164,376,692,52,3100,0,0,2.6,1,0,4.6,16,20,164,216,56,94,1434502,1318145,5,4.5
1,4,494,6,0,102.1,267,0,1,Jannik,Vestergaard,DEF,3,106.7,126,369,671.8,58,2574,0,0,2.9,1,0,2.8,16,20,294,137,17,86,1564607,1476302,3,5
0,0,81,2,0,29.5,374,0,0,Japhet,Tanganga,DEF,0,13.8,407,402,68.8,403,487,0,0,2.3,0,0,0.1,17,6,40,364,133,14,3812,9900,2,4.5
0,0,0,0,0,0,501,0,0,Jarrad,Branthwaite,DEF,0,0,534,170,0,525,0,0,0,0,0,0,1,7,11,0,477,185,0,140402,333730,0,4
0,0,136,3,0,93.5,281,0,0,Javier,Manquillo,DEF,0,22.2,375,332,109.8,367,822,0,0,2.2,0,0,0.2,14,4,18,394,151,28,23143,41480,1,4
0,0,50,0,0,22.1,384,0,0,Jimmy,Dunne,DEF,1,18.3,392,519,79.6,391,270,0,0,3,0,0,4.1,4,90,81,310,103,9,1073282,876794,1,4
4,18,610,14,0,673,32,0,3,Joao Pedro Cavaco,Cancelo,DEF,2,163.7,57,277,569.8,90,2298,0,0,4.9,1,0,10.6,12,43,394,96,7,138,3025558,2345577,5,6
0,3,169,2,0,3.6,445,0,1,Joe,Rodon,DEF,0,17.7,395,584,166.2,325,732,0,0,2.2,0,0,0.1,17,6,6,426,162,27,17636,15009,0,4.5
2,5,194,3,0,42.4,349,0,1,Joel,Matip,DEF,1,30.6,354,246,179,307,690,0,0,4.2,0,0,0.4,11,14,84,306,102,42,270019,298593,2,5
1,10,432,9,0,366,100,0,2,Joel,Veltman,DEF,1,102.1,140,67,484.4,143,2280,0,0,3.4,0,0,1.3,3,36,169,211,55,96,358303,285358,3,4.5
1,6,353,7,0,118.2,246,0,1,Joel,Ward,DEF,0,51.3,287,134,366.8,201,2255,0,0,2.5,0,0,1.2,6,31,28,380,141,66,175521,214694,5,4.5
0,11,531,14,0,79.8,307,0,2,John,Stones,DEF,4,79,207,273,520,116,1933,0,0,5.8,1,0,9.7,12,43,192,196,49,128,2788702,2135003,0,5.5
0,1,58,1,0,31.8,365,0,0,Jonathan,Castro Otto,DEF,0,10.8,417,462,61,410,496,0,0,2.3,0,0,0,20,39,14,403,154,16,5394,6734,0,4
0,0,19,0,0,8.1,431,0,0,Jonjoe,Kenny,DEF,0,2.8,462,160,11,474,78,0,0,1.2,0,0,0.1,7,11,8,418,159,5,7972,20462,0,4
2,12,536,10,0,129,240,0,2,Jonny,Evans,DEF,2,77.9,210,219,532.4,107,2473,0,0,3.9,0,0,1.4,9,13,115,268,83,109,364144,285961,7,5.5
0,0,0,0,0,0,686,0,0,Jose Diogo,Dalot Teixeira,DEF,0,0,695,314,0,692,0,0,0,0,0,0,0,13,1,0,681,241,0,463,3648,0,4
0,0,94,0,0,18.1,395,0,0,Joseph,Gomez,DEF,0,12.5,411,260,106.8,369,589,0,0,1.4,0,0,1,11,14,0,698,246,10,109938,379548,0,4
0,0,0,0,0,0,577,0,0,Juan,Foyth,DEF,0,0,600,406,0,592,0,0,0,0,0,0,0.1,17,6,0,558,225,0,1531,9829,0,4
0,0,5,0,0,0,520,0,0,Kayne,Ramsay,DEF,0,1.3,486,598,13.2,470,90,0,0,-3,0,0,0.1,16,20,0,497,192,-3,10880,8626,1,4
0,0,0,0,0,0,496,0,0,Kelland,Watts,DEF,0,0,529,342,0,520,0,0,0,0,0,0,0.1,14,4,0,472,181,0,8201,20694,0,4
0,1,85,1,0,12,411,0,0,Kevin,Long,DEF,0,14,405,85,102.6,373,636,0,0,1.8,0,0,0.1,4,90,25,384,144,14,13483,22838,2,4
0,0,80,0,0,59.7,334,0,0,Ki-Jana,Hoever,DEF,0,18.7,390,545,100.4,377,573,0,0,1.1,0,0,0,20,39,26,381,142,13,5829,5428,1,4
4,4,483,8,0,490.1,61,0,1,Kieran,Tierney,DEF,1,113.9,115,17,446.4,165,2299,0,0,3.6,0,0,4.3,1,3,201,187,42,96,1021214,1490791,4,5
0,0,5,0,0,0.1,480,0,0,Konstantinos,Tsimikas,DEF,0,0,700,242,0,697,6,0,0,1,0,0,0,11,14,0,688,244,2,2562,5274,0,4
0,3,124,3,0,2.2,448,0,1,Kortney,Hause,DEF,1,20.7,381,39,147,339,630,0,0,4.6,0,0,0.1,2,7,57,343,121,32,80874,80700,2,4.5
0,6,481,9,0,72.6,319,0,4,Kurt,Zouma,DEF,5,99,150,110,577.8,84,2027,0,0,4.5,0,0,8,5,8,339,113,12,108,2559577,2248361,3,5.5
0,0,0,0,0,0,521,0,0,Kyle,John,DEF,0,0,551,679,0,542,0,0,0,0,0,0,0,7,11,0,498,193,0,748,421,0,4
1,7,410,9,0,200.9,192,0,2,Kyle,Walker,DEF,1,62.1,257,270,332.2,222,1944,0,0,3.8,0,0,4.9,12,43,88,300,98,91,1028369,1157940,1,5.5
3,7,498,9,0,262.2,159,0,1,Kyle,Walker-Peters,DEF,0,107.5,125,375,497.6,133,2646,0,0,3.1,0,0,4.2,16,20,316,121,14,93,1200322,1724328,4,5
0,0,5,0,0,0.6,467,0,0,Leif,Davis,DEF,0,0.3,500,214,2.8,491,31,0,0,1,0,0,1.1,10,2,0,457,173,2,111096,146362,0,4
0,17,626,11,0,136.7,230,3,3,Lewis,Dunk,DEF,5,130.2,87,62,720.4,42,2932,0,0,3.9,2,0,5.9,3,36,443,83,3,130,1136216,1271208,5,5
0,0,0,0,0,0,530,0,0,Lewis,Richards,DEF,0,0,560,615,0,551,0,0,0,0,0,0,0,20,39,0,507,198,0,3354,2523,0,4
0,2,454,6,0,17.7,396,0,0,Liam,Cooper,DEF,1,89.8,170,195,620.4,64,2186,0,0,2.4,1,0,0.3,10,2,259,155,23,59,71723,106684,4,4.5
9,18,590,9,3,704.2,26,3,2,Lucas,Digne,DEF,0,143.5,78,155,592.6,74,2681,0,0,4,1,0,11.4,7,11,136,251,73,120,2355416,2221875,2,5.5
0,2,665,12,0,421.4,78,0,0,Luke,Ayling,DEF,0,161.6,59,197,843.2,15,3399,0,0,2.6,0,0,2.7,10,2,350,108,9,100,452954,531709,7,4.5
0,0,0,0,0,0,531,0,0,Luke,Mbete,DEF,0,0,561,622,0,552,0,0,0,0,0,0,0,12,43,0,508,199,0,1982,1698,0,4
5,22,640,10,1,1085.9,7,0,3,Luke,Shaw,DEF,1,192.8,39,300,596,70,2653,0,0,3.9,0,0,17.3,13,1,243,164,29,124,2095769,846587,8,5.5
0,0,132,1,0,111.7,255,0,0,Luke,Thomas,DEF,1,38.1,330,240,169,321,968,0,0,1.9,0,0,0.4,9,13,101,283,90,26,50237,50534,2,4.5
0,0,33,0,0,1.6,452,0,0,Mamadou,Sakho,DEF,0,4.5,452,127,36.6,431,275,0,0,1,0,0,0.1,6,31,6,424,161,4,26863,30713,0,4
1,5,225,5,6,204.1,187,2,1,Marcos,Alonso,DEF,2,75.6,217,104,224.2,278,958,0,0,4.4,0,0,2.2,5,8,328,117,13,57,387913,481565,2,5.5
0,0,0,0,0,0,676,0,0,Marcos,Rojo,DEF,0,0,686,294,0,683,0,0,0,0,0,0,0,13,1,0,669,239,0,1048,4671,0,4
0,0,3,0,0,0,549,0,0,Martin,Kelly,DEF,0,0.2,504,135,2.2,494,1,0,0,1,0,0,0.2,6,31,0,526,212,1,13494,82231,0,4
0,0,0,0,0,0,608,0,0,Martin,Montoya,DEF,0,0,627,63,0,621,0,0,0,0,0,0,0,3,36,0,594,230,0,210,1059,0,4
0,4,426,9,0,126,243,0,1,Mason,Holgate,DEF,1,64.1,255,165,432.2,175,2286,0,0,2.9,0,0,1,7,11,80,312,104,80,241570,184603,9,4.5
2,4,222,4,0,182.4,204,0,1,Matt,Doherty,DEF,0,52,286,457,257.2,259,1238,0,0,2.8,1,0,3.8,17,6,79,317,106,47,233771,1540220,2,5
4,9,710,16,5,607,42,6,2,Matt,Targett,DEF,0,142.2,80,42,690.4,54,3404,0,0,3.6,0,0,12,2,7,122,262,79,138,1849292,997089,7,5
2,8,468,11,0,352.9,106,0,1,Matthew,Cash,DEF,0,98.7,151,496,520.8,115,2373,0,0,3.2,1,0,0.7,2,7,110,273,86,89,220871,211501,6,5
0,0,0,0,0,0,590,0,0,Matthew,Clarke,DEF,0,0,610,73,0,602,0,0,0,0,0,0,0,3,36,0,572,229,0,339,717,0,4
1,6,545,10,0,380.8,95,0,1,Matthew,Lowton,DEF,1,105.8,129,92,551.2,96,3060,0,0,3,0,0,2.5,4,90,125,260,78,103,547303,364517,5,4.5
1,8,258,5,0,67.4,326,0,1,Max,Kilman,DEF,0,39.4,326,470,249.6,265,1307,0,0,3.2,0,0,5.9,20,39,78,318,107,58,1715264,1464150,4,4.5
1,13,649,11,0,87.8,292,0,3,Michael,Keane,DEF,3,114.5,112,156,814,20,2989,0,0,3.6,0,0,6.3,7,11,243,163,28,127,1208273,924625,4,5
0,0,0,0,0,0,634,0,0,Michal,Karbownik,DEF,0,0,649,663,0,645,0,0,0,0,0,0,0,3,36,0,623,232,0,1343,1077,0,4
0,0,119,0,0,29.9,370,0,0,Mohammed,Salisu,DEF,0,25.4,366,479,188.2,298,841,0,0,1.2,0,0,0.1,16,20,34,368,135,14,6119,23802,1,4
0,1,150,3,0,46.9,345,0,0,Nathan,Ake,DEF,1,24.7,368,279,156,329,797,0,0,2.9,0,0,2.4,12,43,44,361,132,29,271383,631492,4,5
0,0,0,0,0,0,484,0,0,Nathan,Ferguson,DEF,0,0,519,145,0,510,0,0,0,0,0,0,0.6,6,31,0,456,172,0,76549,147031,0,4
1,0,172,2,0,84.3,299,0,0,Nathaniel,Clyne,DEF,0,27.2,362,577,150.8,335,1145,0,0,2.2,0,0,0.1,6,31,34,369,136,28,60400,57999,2,4
1,1,325,7,0,90.6,286,0,1,Nathaniel,Phillips,DEF,1,60.1,261,589,376.4,195,1455,0,0,4,0,0,4.7,11,14,132,256,76,68,660325,289181,2,4.5
0,0,51,1,0,47.8,344,0,0,Neco,Williams,DEF,0,12.2,412,264,42,423,247,0,0,1.8,0,0,4.1,11,14,34,367,134,11,618136,627244,1,4
0,0,1,0,0,0.7,466,0,0,Neil,Taylor,DEF,0,0.2,505,31,0.8,503,15,0,0,-1,0,0,0.2,2,7,0,531,216,-1,19210,34156,1,4
3,11,548,9,5,412.9,82,0,0,Nelson,Cabral Semedo,DEF,1,130.7,85,546,595.2,72,2983,0,0,3.2,0,0,2.9,20,39,297,135,16,109,646076,491045,5,5
0,0,0,0,0,0,690,0,0,Nicolas,Otamendi,DEF,0,0,699,269,0,696,0,0,0,0,0,0,0.2,12,43,0,686,243,0,5379,44609,0,4
0,0,9,0,0,5.7,437,0,0,Niels,Nkounkou,DEF,0,2.2,473,559,15,466,80,0,0,1,0,0,0.2,7,11,1,452,169,2,36185,33032,1,4
0,0,0,0,0,0,500,0,0,Nigel,Lonwijk,DEF,0,0,533,629,0,524,0,0,0,0,0,0,0,20,39,0,476,184,0,3898,1895,0,4
0,5,353,8,4,295.7,137,5,1,Oleksandr,Zinchenko,DEF,0,70.3,232,283,272,253,1473,0,0,3.5,0,0,0.6,12,43,134,255,75,69,93522,86808,0,5.5
0,0,0,0,0,0,485,0,0,Oliver,Casey,DEF,0,0,520,215,0,511,0,0,0,0,0,0,1,10,2,0,458,174,0,135513,132245,0,4
0,0,2,0,0,0.5,468,0,0,Oskar,Buur,DEF,0,0.1,513,467,0.6,504,22,0,0,1,0,0,1.4,20,39,0,468,178,1,256762,316207,0,4
0,1,150,3,0,17.2,398,0,0,Ozan,Kabak,DEF,0,16.7,399,652,131,351,801,0,0,2.9,0,0,0.4,11,14,19,390,148,26,142380,115769,3,5
0,1,182,4,0,26.4,379,0,0,Pablo,Mari,DEF,0,20.6,384,10,163.2,326,900,0,0,3.4,0,0,0.1,1,3,16,400,153,34,39642,35159,2,4.5
0,2,402,7,0,66.3,328,0,1,Pascal,Struijk,DEF,1,80.1,201,211,513,122,2072,0,0,2.6,0,0,5.3,10,2,222,174,35,71,884065,608686,3,4.5
2,5,313,4,4,195.3,196,2,0,Patrick,van Aanholt,DEF,0,69.1,235,139,298.6,231,1775,0,2,2.5,0,0,0.4,6,31,198,191,45,54,167442,157280,2,5
0,2,204,3,0,68.1,324,0,0,Paul,Dummett,DEF,1,38.8,327,331,274.4,248,1254,0,0,2.7,0,0,0.1,14,4,45,359,130,40,14442,6623,2,4.5
0,0,28,0,0,12.9,406,0,0,Phil,Bardsley,DEF,0,5.9,445,82,39.4,426,273,0,0,0.5,0,0,0.2,4,90,6,423,160,2,13530,44174,2,4
0,0,0,0,0,0,678,0,0,Phil,Jones,DEF,0,0,687,297,0,684,0,0,0,0,0,0,0,13,1,0,671,240,0,538,4778,0,4
1,6,264,3,3,234.5,177,0,1,Rayan,Ait Nouri,DEF,1,67.4,242,563,243.2,269,1400,0,0,2.6,0,0,0.2,20,39,196,193,46,54,64843,58990,1,5
0,0,0,0,0,0,517,0,0,Reece,Hannam,DEF,0,0,548,675,0,539,0,0,0,0,0,0,0,6,31,0,494,190,0,853,563,0,4
3,15,572,9,2,697.3,27,4,2,Reece,James,DEF,1,162.8,58,123,527.4,111,2367,0,0,3.5,0,0,6.9,5,8,399,94,6,112,2217959,2311355,3,5.5
0,0,0,0,0,0,541,0,0,Reece,Welch,DEF,0,0,571,690,0,562,0,0,0,0,0,0,0,7,11,0,518,206,0,541,274,0,4
0,1,135,3,0,29.8,371,0,0,Rhys,Williams,DEF,0,20.4,385,594,111.6,364,659,0,0,3.1,0,0,0.3,11,14,62,337,116,28,75154,54373,0,4.5
1,0,152,2,0,162.4,215,0,0,Ricardo Domingos,Barbosa Pereira,DEF,0,48.9,291,226,183.4,301,954,0,0,1.8,0,0,0.6,9,13,144,245,71,27,184724,157983,3,5.5
0,0,0,0,0,0,511,0,0,Richard,Nartey,DEF,0,0,543,658,0,534,0,0,0,0,0,0,0,4,90,0,488,188,0,2432,1499,0,4
1,10,536,11,0,76.1,314,0,1,Rob,Holding,DEF,0,77.7,211,16,602.6,68,2557,0,0,3.5,0,0,4.7,1,3,97,288,93,105,1074844,831290,2,4.5
0,2,220,4,0,52.2,339,0,1,Robin,Koch,DEF,0,41.4,318,491,230.2,274,1130,0,0,2.2,0,0,0.3,10,2,131,257,77,38,54457,84482,1,4.5
0,11,466,8,0,101.2,268,3,2,Romain,Saiss,DEF,3,103.4,136,461,584.6,79,2407,0,0,3.7,0,0,5.8,20,39,347,110,11,99,2450655,2429578,2,5
0,0,24,0,0,25.3,382,0,0,Ruben Goncalo,Silva Nascimento Vinagre,DEF,0,5.7,448,471,31.2,438,172,0,0,0.5,0,0,0.7,20,39,0,529,215,1,56798,641304,0,4
1,12,656,17,0,91,285,0,1,Ruben Santos,Gato Alves Dias,DEF,1,96.3,155,556,651.6,61,2843,0,0,4.4,0,0,19.9,12,43,218,179,38,142,3169721,1715366,4,6
0,0,0,0,0,0,525,0,0,Ryan,Astley,DEF,0,0,555,681,0,546,0,0,0,0,0,0,0,7,11,0,502,196,0,686,401,0,4
0,0,0,0,0,0,583,0,0,Ryan,Bennett,DEF,0,0,606,456,0,598,0,0,0,0,0,0,0.1,20,39,0,565,227,0,3905,28339,0,4
2,4,404,8,2,271.8,149,2,0,Ryan,Bertrand,DEF,0,71.4,229,362,306.8,229,2598,0,0,2.7,0,0,0.7,16,20,135,252,74,78,133677,193104,5,5
1,0,127,1,0,166.8,210,0,0,Ryan,Fredericks,DEF,1,41.9,315,438,155.2,330,564,0,0,2,0,0,0.2,19,21,96,289,94,28,24177,57997,2,4.5
0,0,0,0,0,0,510,0,0,Ryan,Inniss,DEF,0,0,542,534,0,533,0,0,0,0,0,0,0,6,31,0,486,187,0,4884,6529,0,4
0,0,0,0,0,0,667,0,0,Ryan,Sessegnon,DEF,0,0,678,399,0,675,0,0,0,0,0,0,0.1,17,6,0,659,236,0,1050,16595,0,4
0,0,0,0,0,0,516,0,0,Sam,Woods,DEF,0,0,547,522,0,538,0,0,0,0,0,0,0.4,6,31,0,493,189,0,62844,58981,0,4
1,1,233,2,0,17,399,0,0,Scott,Dann,DEF,1,40.3,321,486,284.6,242,1350,0,0,2.6,0,0,0.5,6,31,99,285,91,39,108121,136624,1,4
0,0,9,0,0,5.4,439,0,0,Sead,Kolasinac,DEF,0,1.3,487,14,3.6,487,90,0,0,2,0,0,0.1,1,3,4,435,164,2,5329,21584,0,4
3,4,371,8,0,268.2,154,0,1,Seamus,Coleman,DEF,0,78,209,152,322.6,225,1607,0,0,3.2,0,0,2.4,7,11,189,198,50,81,459409,358280,0,5
3,4,370,6,0,267.6,155,0,1,Serge,Aurier,DEF,2,87.4,181,389,412.2,180,1605,0,0,4.2,0,0,1.5,17,6,194,195,48,80,329516,494267,0,5
6,4,413,8,0,309.4,128,0,0,Sergio,Reguilon,DEF,0,92.5,165,542,361.2,206,2244,0,0,3.3,0,0,4.1,17,6,253,159,24,89,1273765,1038892,5,89
0,0,0,0,0,0,559,0,0,Shane,Duffy,DEF,0,0,584,58,0,576,0,0,0,0,0,0,0,3,36,0,540,218,0,662,5556,0,4
0,0,16,0,0,1,462,0,0,Shkodran,Mustafi,DEF,0,1.3,488,7,11.6,473,45,0,0,1,0,0,0,1,3,0,691,245,3,13464,14517,0,4
0,0,0,0,0,0,674,0,0,Sokratis,Papastathopoulos,DEF,0,0,685,2,0,682,0,0,0,0,0,0,0.1,1,3,0,667,238,0,10266,19142,0,4
3,15,726,12,1,454.6,70,0,4,Stuart,Dallas,DEF,8,174.2,48,200,756.8,33,3410,0,0,4.5,0,0,33.1,10,2,527,64,2,171,4057136,1769387,7,5.5
3,2,156,2,0,162.9,213,0,0,Tariq,Lamptey,DEF,1,46.7,299,77,147.8,338,887,0,0,3.2,1,0,2.2,3,36,156,227,63,35,1224276,1314351,2,4.5
0,0,0,0,0,0,523,0,0,Taylor,Harwood-Bellis,DEF,0,0,553,623,0,544,0,0,0,0,0,0,0,12,43,0,500,195,0,421,563,0,4
0,0,0,0,0,0,497,0,0,Teden,Mengi,DEF,0,0,530,319,0,521,0,0,0,0,0,0,0.5,13,1,0,473,182,0,72476,92685,0,4
0,10,481,10,0,84.9,298,0,2,Thiago,Thiago,DEF,2,84.5,195,490,537.8,105,1935,0,0,4,1,0,2.8,5,8,223,173,34,92,591224,676700,3,5.5
4,7,479,6,0,350.2,108,0,4,Timothy,Castagne,DEF,2,101.7,143,498,486.6,142,2345,0,0,3.5,0,0,5.7,9,13,181,201,52,94,2098048,2042062,1,5.5
0,0,17,0,0,30.5,368,0,0,Timothy,Fosu-Mensah,DEF,0,6.4,440,312,17.8,455,80,0,0,0,0,0,0.1,13,1,16,399,152,0,5074,10563,1,4
0,4,469,10,0,106.5,259,0,1,Toby,Alderweireld,DEF,1,84.6,193,386,559.8,92,2240,0,0,3.5,0,0,1.8,17,6,178,204,54,88,228249,316716,2,5
8,26,761,10,2,1238.8,3,1,4,Trent,Alexander-Arnold,DEF,2,255.7,14,259,789.6,24,3029,0,0,4.4,0,0,27.1,11,14,529,63,1,160,2272992,3840385,2,7.5
2,5,287,4,0,76.8,311,0,2,Tyrick,Mitchell,DEF,1,52.5,283,146,387.6,190,1710,0,0,3.1,0,0,12.8,6,31,60,341,120,58,2462336,2528023,1,4.5
2,8,633,14,0,97.3,277,0,2,Tyrone,Mings,DEF,2,119.3,101,41,798.4,22,3194,0,0,3.6,1,0,7.8,2,7,293,138,18,128,1697898,1349321,4,5
0,0,0,0,0,0,532,0,0,Valentino,Livramento,DEF,0,0,562,698,0,553,0,0,0,0,0,0,0,5,8,0,509,200,0,383,137,0,4
1,3,527,10,0,102.6,263,0,0,Victor,Lindelof,DEF,1,66.4,244,308,503,127,2585,0,0,3.5,0,0,1.9,13,1,56,345,122,102,271250,273777,0,5
0,1,73,1,0,4.8,441,0,0,Virgil,van Dijk,DEF,1,15.3,401,250,82.4,388,370,0,0,3,0,0,6.2,11,14,66,331,111,15,385726,1998968,1,6.5
9,12,625,9,0,670.9,33,0,1,Vladimir,Coufal,DEF,0,158.7,61,558,693.8,50,3054,0,0,3.8,0,0,8.6,19,21,220,177,36,128,1404346,731901,3,5
0,0,0,0,0,0,518,0,0,Vontae,Daley-Campbell,DEF,0,0,549,660,0,540,0,0,0,0,0,0,0,9,13,0,495,191,0,1414,1026,0,4
0,0,9,0,0,0.1,477,0,0,Wes,Morgan,DEF,0,0.3,501,216,3,490,16,0,0,1,0,0,0.1,9,13,0,564,226,3,9870,15140,0,4
1,5,464,7,0,107.8,257,0,1,Wesley,Fofana,DEF,0,73.4,225,561,502,129,2260,0,0,2.5,0,0,1,9,13,121,263,80,71,238423,176127,7,4.5
0,0,3,0,0,0,536,0,0,William,Fish,DEF,0,0,566,713,0,557,1,0,0,1,0,0,0,13,1,0,513,202,1,0,0,0,4
0,0,0,0,0,0,538,0,0,William,Saliba,DEF,0,0,568,27,0,559,0,0,0,0,0,0,0.4,1,3,0,515,204,0,30961,228228,0,4
1,4,364,6,0,46.1,347,0,0,Willy,Boly,DEF,1,64.2,254,458,414,178,1879,0,0,3.2,0,0,1.1,20,39,182,200,51,68,165928,272409,2,5
0,0,12,0,0,22.1,385,0,0,Yan,Valery,DEF,0,6,443,378,26,444,101,0,0,1,0,0,0,16,20,12,407,156,3,2274,7793,0,4
0,7,399,6,0,23.5,383,0,1,Yerry,Mina,DEF,2,72.3,228,162,496.2,134,1936,0,0,3.3,0,0,1.7,7,11,200,189,43,79,411888,431930,2,5
1,2,95,1,0,74.1,316,0,0,Aaron,Connolly,FWD,2,48.2,294,78,104.2,371,783,0,0,2.2,0,0,0.3,3,36,307,127,40,38,85190,112232,0,5.5
0,0,0,0,0,0,644,0,0,Ademipo,Odubeko,FWD,0,0,659,638,0,655,0,0,0,0,0,0,0,19,21,0,635,79,0,8350,6560,0,4
0,0,0,0,0,0,708,0,0,Albian,Ajeti,FWD,0,0,710,447,0,707,0,0,0,0,0,0,0,19,21,0,708,91,0,663,846,0,4
3,21,452,7,0,307.4,133,3,4,Alexandre,Lacazette,FWD,13,170.4,50,6,602.4,69,1916,0,2,4.2,0,0,4.3,1,3,797,38,18,129,1923218,1961260,3,8.5
0,0,25,0,0,18.8,394,0,0,Andi,Zeqiri,FWD,0,14.2,403,574,16,464,164,0,0,1,0,0,0.1,3,36,107,276,53,9,16415,14063,0,4
1,3,78,1,0,37.1,354,0,0,Andy,Carroll,FWD,1,27.7,360,320,64,408,380,0,0,1.7,0,0,0.3,14,4,187,199,48,30,80784,102470,1,5
7,3,238,4,0,265.4,156,0,2,Anthony,Martial,FWD,4,126.8,91,303,297.6,232,1477,0,4,3.4,1,0,3.2,13,1,709,48,21,75,1137115,1747811,0,8
0,7,107,6,0,243.6,169,0,0,Ashley,Barnes,FWD,3,93.8,160,87,153.8,332,1324,0,1,2.4,0,0,0.2,4,90,548,59,26,52,163868,165222,4,5.5
6,22,409,5,0,230.4,180,0,3,Callum,Wilson,FWD,12,154.7,65,506,557.4,94,2081,0,1,5.2,0,0,5.1,14,4,761,40,19,134,4097548,4504514,2,7.5
0,0,38,1,0,26.9,378,0,0,Carlos Vinicius,Alves Morais,FWD,1,22,376,564,52.6,415,305,0,0,1.4,0,0,0.1,17,6,142,248,52,13,28725,27619,2,4
0,0,12,0,0,11.6,413,0,0,Cenk,Tosun,FWD,0,1.8,480,153,2.2,496,44,0,0,0.8,0,0,0,7,11,4,437,69,4,7789,8583,1,4
7,16,443,7,0,488.6,62,0,2,Che,Adams,FWD,9,203.4,33,377,581.8,81,2662,0,0,3.8,0,0,4.1,16,20,964,21,13,137,1794717,1836666,1,7
3,16,395,9,0,323.2,120,0,1,Chris,Wood,FWD,12,204,32,91,595.8,71,2741,0,1,4.2,0,0,5.6,4,90,1129,13,9,138,834276,555458,0,7
2,14,338,5,0,236.5,174,0,3,Christian,Benteke,FWD,10,177.7,46,132,512.6,123,1808,0,0,3.5,1,0,1.3,6,31,1030,18,12,106,305921,236910,1,6.5
0,0,0,0,0,0,586,0,0,Connor,Wickham,FWD,0,0,608,136,0,600,0,0,0,0,0,0,0.5,6,31,0,568,73,0,95747,151288,0,4
0,0,3,0,0,0,653,0,0,Dane,Scarlett,FWD,0,0,666,666,0,663,1,0,0,1,0,0,0,17,6,0,643,81,1,5299,4206,0,4
0,0,32,0,0,12.2,410,0,0,Daniel,N'Lundulu,FWD,0,3.1,461,590,3.2,488,102,0,0,1,0,0,0.2,16,20,16,401,63,13,59733,49556,0,4
4,21,464,6,0,300.7,136,0,1,Danny,Ings,FWD,12,178.4,45,366,634.6,63,2172,0,1,4.5,0,0,6.6,16,20,866,32,15,131,2753878,3949010,1,8
4,15,286,6,0,269.7,153,0,2,Danny,Welbeck,FWD,6,117.7,105,588,319.8,227,1541,1,2,3.7,0,0,0.6,3,36,595,58,25,89,299406,269252,0,6
0,0,23,1,0,33.2,361,0,0,Divock,Origi,FWD,0,11.1,416,256,17.8,456,180,0,0,1.1,0,0,0.6,11,14,60,342,56,10,39351,99242,0,5
6,21,528,11,0,308,131,0,3,Dominic,Calvert-Lewin,FWD,16,249,16,164,745.8,36,2871,0,0,5,0,0,29.5,7,11,1439,6,4,165,9031403,7917346,3,8
1,3,79,0,0,89.4,288,0,0,Dwight,Gayle,FWD,1,42.4,313,329,79.6,392,501,0,0,1.7,0,0,0.1,14,4,263,154,42,31,12806,12414,0,5.5
4,14,367,4,0,203.3,188,0,1,Edinson,Cavani,FWD,10,115,109,569,443.4,167,1364,0,0,3.8,0,0,6.9,13,1,513,66,27,99,1852062,1351938,4,8.5
1,5,120,1,0,97.3,276,0,0,Edward,Nketiah,FWD,2,42.1,314,22,116.6,359,411,0,0,2.1,0,0,0.5,1,3,211,181,46,36,68796,168266,0,5.5
0,0,0,0,0,0,618,0,0,Ellis,Simms,FWD,0,0,633,596,0,628,0,0,0,0,0,0,0.1,7,11,0,604,74,0,11578,11613,0,4
3,5,198,0,0,166.1,211,0,0,Fabio,Silva,FWD,4,114.9,111,504,238.2,271,1352,0,3,2.2,0,0,1,20,39,758,42,20,72,281227,312018,2,6
0,0,0,0,0,0,681,0,0,Florin,Andone,FWD,0,0,690,64,0,687,0,0,0,0,0,0,0.1,3,36,0,674,87,0,14497,32162,0,4
5,16,453,11,0,467.5,67,0,1,Gabriel Fernando,de Jesus,FWD,9,190,41,282,501,130,2056,0,0,4,0,0,2.5,12,43,931,23,14,115,1066742,1048709,2,8.5
0,0,0,0,0,0,673,0,0,Glenn,Murray,FWD,0,0,684,53,0,681,0,0,0,0,0,0,0.1,3,36,0,666,85,0,5020,18731,0,4
14,40,880,12,0,659.1,35,1,9,Harry,Kane,FWD,23,355.9,3,388,1318.2,1,3083,0,1,6.9,0,0,44.5,17,6,1585,3,2,242,8181197,6160268,1,12.5
0,0,0,0,0,0,576,0,0,Indiana,Vassilev,FWD,0,0,599,51,0,591,0,0,0,0,0,0,0.5,2,7,0,557,72,0,63562,164727,0,4
0,0,3,0,0,11.7,412,0,0,Islam,Slimani,FWD,0,1.8,479,579,0.2,507,19,0,0,1,0,0,0.1,9,13,6,425,65,1,11121,11694,0,4
14,23,649,8,0,356.6,104,0,7,Jamie,Vardy,FWD,15,248.3,17,224,819.2,18,2838,1,1,5.5,0,0,17.5,9,13,1306,9,6,187,5184449,5485123,1,10.5
3,2,125,4,0,97.4,275,0,1,Jay,Rodriguez,FWD,1,68.9,236,86,149.8,336,1248,0,3,1.7,0,0,0.3,4,90,449,80,32,54,65429,99975,3,5.5
0,2,45,0,0,16.2,400,0,0,Jean-Philippe,Mateta,FWD,1,14,406,641,46.6,420,215,0,0,2.1,0,0,0,6,31,80,313,54,15,15298,13370,0,5.5
0,0,0,0,0,0,646,0,0,Joe,Gelhardt,FWD,0,0,661,667,0,657,0,0,0,0,0,0,0,10,2,0,637,80,0,3106,2443,0,4
0,0,5,0,0,1.8,450,0,0,Joel,Mumbongo,FWD,0,0.1,516,613,0,641,37,0,0,0.8,0,0,0,4,90,0,617,76,3,7013,5537,1,4
2,5,258,3,0,250.1,164,0,1,Joelinton Cassio,Apolinario de Lira,FWD,4,122.2,99,340,357,210,1979,0,2,2.4,0,0,0.5,14,4,612,57,24,74,158671,155306,3,6
4,2,216,6,0,238.6,173,0,0,Jordan,Ayew,FWD,1,96.6,154,140,278.6,243,2086,0,4,2.1,0,0,1.4,6,31,451,79,31,70,213202,561773,4,6
0,0,0,0,0,0,707,0,0,Jordan,Hugill,FWD,0,0,709,444,0,706,0,0,0,0,0,0,0,19,21,0,707,90,0,429,691,0,4
0,0,18,0,0,5.6,438,0,0,Joshua,King,FWD,0,5,449,651,13.4,469,138,0,0,1,0,0,0.1,7,11,31,374,58,11,29857,25422,0,4
1,0,85,1,0,76.7,313,0,0,Keinan,Davis,FWD,1,31.7,351,50,77.2,393,265,0,0,1.5,0,0,7.6,2,7,169,210,49,23,1359157,1866164,0,4.5
2,18,424,5,0,413.9,80,0,3,Kelechi,Iheanacho,FWD,12,176.5,47,233,540.2,104,1452,1,5,4.4,0,0,19.5,9,13,814,35,17,110,2481551,955935,1,7.5
0,0,0,0,0,0,682,0,0,Leo,Bonatini,FWD,0,0,691,463,0,688,0,0,0,0,0,0,0.1,20,39,0,676,88,0,8705,28295,0,4
0,0,0,0,0,0,672,0,0,Leonardo,Campana,FWD,0,0,683,476,0,680,0,0,0,0,0,0,0.3,20,39,0,665,84,0,29825,43182,0,4
0,0,5,0,0,0,640,0,0,Lewis,Richardson,FWD,0,0,655,592,0,651,3,0,0,1,0,0,0.1,4,90,0,631,77,2,21551,18309,0,4
0,0,0,0,0,0.3,473,0,0,Liam,Delap,FWD,0,0.2,506,539,0,571,39,0,0,1,0,0,0.9,12,43,4,430,66,1,306104,268454,0,4
2,2,194,3,0,194,197,0,0,Matej,Vydra,FWD,3,87.3,182,93,197.4,292,1359,0,0,2.2,0,0,1.5,4,90,491,70,29,62,296799,240124,0,5.5
0,0,0,0,0,0,643,0,0,Max,Thompson,FWD,0,0,658,591,0,654,0,0,0,0,0,0,0.1,4,90,0,634,78,0,24766,21229,0,4
0,0,0,0,0,0,712,0,0,Mbwana,Samatta,FWD,0,0,712,49,0,711,0,0,0,0,0,0,0,2,7,0,711,92,0,1633,8479,0,4
0,0,12,0,0,10.8,417,0,0,Michael,Obafemi,FWD,0,2,476,381,5.6,480,57,0,0,1,0,0,0.7,16,20,4,433,67,4,66576,201065,0,4
5,19,345,6,0,349.1,109,0,2,Michail,Antonio,FWD,10,190.1,40,437,517.8,117,1972,0,4,4.5,0,0,10.9,19,21,1038,17,11,118,3250366,3117861,3,7.5
2,2,113,2,0,113.5,251,0,0,Michy,Batshuayi,FWD,2,45.5,304,108,132.8,348,717,0,0,2.3,0,0,0.6,6,31,210,182,47,41,73147,187490,0,5.5
0,0,1,0,0,1.3,457,0,0,Moise,Kean,FWD,0,0.9,492,169,0,708,13,0,0,1,0,0,0.2,7,11,11,408,64,2,8011,36330,0,4
2,12,334,10,0,443.2,72,0,1,Neal,Maupay,FWD,8,198.5,37,68,442.2,168,2508,1,3,3.2,1,0,2.1,3,36,1103,15,10,105,1115266,1143884,1,6.5
0,0,4,0,0,0.9,464,0,0,Niall,Huggins,FWD,0,0.6,494,619,2.6,492,37,0,0,1,0,0,0.1,10,2,2,445,70,1,11590,9104,0,4
0,0,1,0,0,0.1,482,0,0,Odion,Ighalo,FWD,0,0.2,512,293,0,712,9,0,0,1,0,0,0.2,13,1,2,450,71,1,7620,24422,0,4
0,6,139,4,0,112,254,0,1,Olivier,Giroud,FWD,4,67.2,243,103,161.4,327,740,0,4,2.8,0,0,1.1,5,8,403,91,34,47,311528,353505,1,6.5
9,18,531,14,0,610.4,41,0,3,Ollie,Watkins,FWD,14,314,6,514,815.4,19,3328,1,3,4.5,1,0,22.1,2,7,1721,2,1,168,4635254,3049913,2,7.5
11,26,631,10,0,371,99,0,5,Patrick,Bamford,FWD,17,274.6,10,202,867.2,13,3052,0,1,5.1,0,0,45.2,10,2,1512,5,3,194,8141182,5349803,3,8
0,0,5,0,0,0,711,0,0,Patrick,Cutrone,FWD,0,0.2,511,626,0,710,23,0,0,1,0,0,0,20,39,4,436,68,2,3443,3436,0,4
1,7,148,4,0,96.2,279,0,0,Raul,Jimenez,FWD,4,55,274,460,177.4,310,824,0,1,4.3,0,0,4.4,20,39,275,152,41,43,1160501,2220242,0,7.5
6,18,415,11,0,359.7,102,0,1,Richarlison,de Andrade,FWD,7,208.3,31,166,576.4,86,2862,0,2,3.6,1,0,7.1,7,11,1147,12,8,123,1760049,1969328,4,7.5
8,15,615,10,0,643.2,40,0,2,Roberto,Firmino,FWD,9,278.8,9,249,729.4,40,2837,0,4,3.9,0,0,5.7,11,14,1415,7,5,141,1278572,1209765,2,9
4,16,341,3,0,409.7,84,5,3,Rodrigo,Moreno,FWD,7,142.4,79,492,398.4,188,1279,0,0,3.4,0,0,2.7,10,2,617,56,23,89,473575,832303,3,6.5
0,0,0,0,0,0,629,0,0,Sam,Greenwood,FWD,0,0,644,692,0,639,0,0,0,0,0,0,0,10,2,0,615,75,0,1475,726,0,4
0,4,113,3,0,131.6,238,0,0,Sebastien,Haller,FWD,3,66.2,245,441,169.6,318,932,0,0,2.6,0,0,0.2,19,21,361,105,36,41,60525,94479,0,5
1,3,155,4,0,102.2,266,0,0,Sergio,Aguero,FWD,4,62.2,256,268,200.6,287,554,1,1,3.2,0,0,1.6,12,43,326,118,38,38,406215,574721,0,9
0,0,21,1,0,6.4,435,0,0,Shane,Long,FWD,0,3.4,457,361,9.8,475,201,0,0,1.1,0,0,0.4,16,20,19,391,60,12,57958,135320,0,4
2,8,224,5,0,121.6,244,0,1,Tammy,Abraham,FWD,6,86.6,188,118,277.2,245,1031,0,0,3.1,0,0,2,5,8,483,71,30,69,589795,784328,0,6.5
12,7,394,13,0,532.4,53,0,2,Timo,Werner,FWD,6,232.5,20,117,514.8,119,2598,0,3,3.7,0,0,10.8,5,8,1276,10,7,128,2079800,4521382,2,9
0,0,11,0,0,1.1,461,0,0,Wesley,Moraes,FWD,0,2.3,472,48,5,482,15,0,0,1,0,0,0,2,7,17,398,62,3,2651,2640,0,4
1,3,131,5,0,165.9,212,0,0,Willian Jose,Da Silva,FWD,1,50.9,288,642,89.6,384,1106,0,0,2.4,0,0,0.2,20,39,256,157,44,40,81283,69643,0,5
0,0,0,0,0,0,685,0,0,Yoshinori,Muto,FWD,0,0,694,341,0,691,0,0,0,0,0,0,0.1,14,4,0,680,89,0,5738,27356,0,4
0,2,60,1,0,0,551,0,0,Adrian,San Miguel del Castillo,GK,0,5.9,444,245,59.6,411,270,0,0,3.7,0,10,0.3,11,14,0,532,38,11,60478,67145,0,4.5
0,8,527,7,0,0,585,0,1,Alex,McCarthy,GK,0,74,223,363,741.2,39,2700,0,0,3.1,0,93,10.9,16,20,0,567,52,94,1394575,2138155,2,4.5
0,13,660,10,0,0.1,481,0,2,Alisson,Ramses Becker,GK,1,79.4,204,252,776.4,26,2970,0,0,4.2,0,84,8.3,11,14,17,397,1,140,686423,1111372,1,6
0,0,0,0,0,0,535,0,0,Andreas,Sondergaard,GK,0,0,565,617,0,556,0,0,0,0,0,0,0.2,20,39,0,512,33,0,33187,18945,0,4
0,0,0,0,0,0,566,0,0,Angus,Gunn,GK,0,0,591,371,0,583,0,0,0,0,0,0,0.1,16,20,0,547,48,0,2885,18962,0,4
0,0,49,0,0,0,515,0,0,Bailey,Peacock-Farrell,GK,0,8.2,425,99,82.6,387,360,0,0,0.8,0,10,1.1,4,90,0,492,26,3,97106,111591,0,4
0,11,625,11,0,0,695,0,2,Bernd,Leno,GK,0,70.3,231,8,702.2,45,3131,0,0,3.7,1,86,7.3,1,3,2,448,5,131,1013379,1112822,0,5
0,0,41,1,0,0,616,0,1,Caoimhin,Kelleher,GK,0,5.8,447,560,57.8,413,180,0,0,5,0,6,0.1,11,14,0,602,62,10,32711,32079,0,4
0,0,0,0,0,0,508,0,0,Christian,Walton,GK,0,0,540,503,0,531,0,0,0,0,0,0,1.1,3,36,0,484,20,0,65891,102294,0,4
0,0,0,0,0,0,605,0,0,Claudio,Bravo,GK,0,0,625,267,0,619,0,0,0,0,0,0,0,12,43,0,591,57,0,451,1844,0,4
0,0,0,0,0,0,498,0,0,Daniel,Langley,GK,0,0,531,606,0,522,0,0,0,0,0,0,0.1,14,4,0,474,14,0,25830,15803,0,4
0,0,0,0,0,0,564,0,0,Danny,Ward,GK,0,0,589,223,0,581,0,0,0,0,0,0,0.2,9,13,0,545,46,0,5284,13185,0,4
0,0,46,1,0,0,555,0,0,Darren,Randolph,GK,0,4.7,451,430,46.2,421,270,0,0,3.3,0,6,0.2,19,21,0,536,41,10,25662,30154,0,4.5
0,4,416,9,0,0,703,0,1,David,de Gea,GK,0,46.4,300,291,464.2,157,2295,0,0,3.5,0,59,3.3,13,1,0,702,75,91,428055,554811,0,5
0,0,0,0,0,0,487,0,0,David,Martin,GK,0,0,521,429,0,512,0,0,0,0,0,0,5.3,19,21,0,460,8,0,292883,435391,0,4
0,1,218,4,0,0,700,0,0,Dean,Henderson,GK,0,27.5,361,305,275.4,246,1125,0,0,3.4,0,40,2.1,13,1,0,699,73,44,119227,182553,3,5
1,3,696,19,0,10,424,0,2,Ederson,Santana de Moraes,GK,0,59.6,263,278,586,78,3240,0,0,4.4,0,66,9.4,12,43,0,712,80,160,1106268,869307,3,6
0,8,613,16,0,0,704,0,0,Edouard,Mendy,GK,0,47.2,298,548,470.2,153,2745,0,0,4.5,0,57,10.9,5,8,0,704,77,140,1702747,1011725,2,6
0,0,0,0,0,0,539,0,0,Elia,Caprile,GK,0,0,569,532,0,560,0,0,0,0,0,0,0.2,10,2,0,516,34,0,35742,26588,0,4
0,27,825,15,0,20,390,0,2,Emiliano,Martinez,GK,0,108.5,121,12,1067.2,4,3420,0,0,4.9,0,142,37.9,2,7,0,703,76,186,4031919,1763437,1,5.5
0,2,58,1,0,0,548,0,1,Francisco,Casilla Cortes,GK,0,6.8,435,194,68,404,270,0,0,4.7,0,8,1,10,2,0,525,36,14,53051,143165,0,4.5
0,0,147,2,0,0,505,0,0,Fraser,Forster,GK,0,19.1,387,523,191,295,720,0,0,3.8,0,20,7,16,20,0,481,17,30,918508,451243,0,4.5
0,0,0,0,0,0,513,0,0,Harry,Lewis,GK,0,0,545,625,0,536,0,0,0,0,0,0,0,16,20,0,490,24,0,4560,2909,0,4
0,0,0,0,0,0,534,0,0,Harry,Tyrer,GK,0,0,564,682,0,555,0,0,0,0,0,0,0,7,11,0,511,32,0,730,477,0,4
0,13,702,12,0,0,709,0,0,Hugo,Lloris,GK,0,86.7,186,383,868,12,3420,0,0,3.9,0,114,6.6,17,6,0,709,79,149,887132,841198,0,5.5
0,20,774,11,0,10,423,0,5,Illan,Meslier,GK,0,103.7,134,213,1026,7,3150,0,0,4.4,0,140,8.5,10,2,0,682,69,154,1239460,712000,0,5
0,0,14,0,0,0,609,0,0,Jack,Butland,GK,0,1.7,483,586,16.6,462,90,0,0,2,0,3,0.1,6,31,0,595,60,2,6127,5182,0,4
0,0,0,0,0,0,545,0,0,Jakub,Ojrzynski,GK,0,0,575,678,0,566,0,0,0,0,0,0,0,11,14,0,522,35,0,434,310,0,4
0,0,0,0,0,0,527,0,0,James,Trafford,GK,0,0,557,595,0,548,0,0,0,0,0,0,0.1,12,43,0,504,30,0,13327,11077,0,4
0,0,0,0,0,0,489,0,0,Jason,Steele,GK,0,0,523,528,0,514,0,0,0,0,0,0,0.8,3,36,0,463,10,0,115580,72167,0,4
0,0,0,0,0,0,491,0,0,Jed,Steer,GK,0,0,524,32,0,515,0,0,0,0,0,0,4.4,2,7,0,465,12,0,418448,447236,0,4
0,0,10,0,0,0,575,0,0,Joao,Virginia,GK,0,2.5,467,167,25,447,47,0,0,2,0,3,0.1,7,11,0,556,51,2,3157,6085,0,4
0,0,0,0,0,0,550,0,0,Joe,Hart,GK,0,0,578,482,0,569,0,0,0,0,0,0,0.6,17,6,0,530,37,0,15535,49860,0,4
0,0,19,0,0,0,553,0,0,John,Ruddy,GK,0,2.5,466,453,25.4,446,91,0,0,2,0,3,0.2,20,39,0,534,39,4,7709,18575,0,4
0,0,0,0,0,0,557,0,0,Jonas,Lossl,GK,0,0,582,151,0,574,0,0,0,0,0,0,0.1,7,11,0,538,42,0,3190,10581,0,4
0,8,570,10,0,10.1,419,0,2,Jordan,Pickford,GK,0,70.9,230,157,698.4,47,2742,0,0,3.7,0,89,5.3,7,11,0,675,68,114,759940,905018,1,5
0,0,0,0,0,0,514,0,0,Kamil,Miazek,GK,0,0,546,208,0,537,0,0,0,0,0,0,0.8,10,2,0,491,25,0,22749,121038,0,4
0,6,450,4,0,0,691,0,0,Karl,Darlow,GK,0,68.3,238,325,682.4,55,2250,0,0,3.2,0,88,1.1,14,4,0,687,71,80,360613,346492,3,4.5
0,0,0,0,0,0,526,0,0,Karlo,Ziger,GK,0,0,556,593,0,547,0,0,0,0,0,0,0.6,5,8,0,503,29,0,82437,47471,0,4
0,6,631,11,0,0,705,0,3,Kasper,Schmeichel,GK,0,76.9,213,217,769,29,3420,0,0,3.4,0,88,9.6,9,13,0,705,78,128,729252,1038585,0,5
0,5,117,2,0,0,664,0,0,Kepa,Arrizabalaga,GK,0,11.3,415,112,113.6,362,585,0,0,3.7,0,16,0.6,5,8,0,655,65,26,54730,178834,1,5
0,0,0,0,0,0,503,0,0,Lee,Grant,GK,0,0,536,604,0,527,0,0,0,0,0,0,0.1,13,1,0,479,15,0,9246,7148,0,4
0,0,0,0,0,0,528,0,0,Liam,Hughes,GK,0,0,558,677,0,549,0,0,0,0,0,0,0,11,14,0,505,31,0,363,264,0,4
0,11,634,10,0,0,692,0,1,Lukasz,Fabianski,GK,0,74.4,221,431,745.2,37,3150,0,0,3.8,0,102,3.2,19,21,0,689,72,133,624641,560165,2,5
0,0,0,0,0,0,562,0,0,Mark,Gillespie,GK,0,0,587,488,0,579,0,0,0,0,0,0,0.1,14,4,0,543,44,0,3775,6831,0,4
0,6,255,3,0,0,677,0,0,Martin,Dubravka,GK,0,34.6,342,326,346.8,218,1170,0,0,3.7,0,45,0.6,14,4,0,670,67,48,70342,52085,0,4.5
0,0,216,3,0,10.7,418,0,0,Mathew,Ryan,GK,0,20.6,383,70,193.6,293,1260,0,0,2.6,0,24,5.6,1,3,2,440,4,37,514455,1323942,1,4
0,0,0,0,0,0,592,0,0,Matija,Sarkic,GK,0,0,612,472,0,604,0,0,0,0,0,0,0.1,20,39,0,574,55,0,979,8042,0,4
0,0,0,0,0,0,509,0,0,Matt,Macey,GK,0,0,541,527,0,532,0,0,0,0,0,0,0.9,1,3,0,485,21,0,171821,152715,0,4
0,0,0,0,0,0,524,0,0,Nathan,Bishop,GK,0,0,554,686,0,545,0,0,0,0,0,0,0,13,1,0,501,28,0,573,329,0,4
0,0,0,0,0,0,519,0,0,Nathan,Trott,GK,0,0,550,674,0,541,0,0,0,0,0,0,0,19,21,0,496,27,0,987,595,0,4
0,20,652,11,0,20,391,0,2,Nick,Pope,GK,0,86.8,184,96,846.6,14,2880,0,0,4.5,0,114,9.6,4,90,2,449,6,144,1059364,1505364,1,5.5
0,0,0,0,0,0,507,0,0,Orjan,Nyland,GK,0,0,539,35,0,530,0,0,0,0,0,0,3.3,2,7,0,483,19,0,145134,953664,0,4
0,0,0,0,0,0,565,0,0,Paulo,Gazzaniga,GK,0,0,590,393,0,582,0,0,0,0,0,0,0.2,17,6,0,546,47,0,4988,21170,0,4
0,8,514,10,0,10,421,0,3,Robert,Sanchez,GK,0,55.8,269,597,542.2,102,2430,0,0,3.7,0,66,3.4,3,36,4,432,2,101,490686,236845,2,4.5
0,0,0,0,0,0,606,0,0,Roberto,Jimenez Gago,GK,0,0,626,433,0,620,0,0,0,0,0,0,0,19,21,0,592,58,0,415,1012,0,4
0,3,119,2,0,0,610,0,0,Robin,Olsen,GK,0,16.7,398,573,166.4,324,630,0,0,3.6,0,21,0.1,7,11,0,596,61,25,21704,17935,1,4
0,12,626,10,0,0,702,0,0,Rui Pedro,dos Santos Patricio,GK,0,76.1,215,455,763.6,30,3330,0,0,3.6,0,100,4.6,20,39,0,701,74,132,537130,677271,1,5
0,0,8,0,0,0,588,0,0,Runar Alex,Runarsson,GK,0,1.7,482,547,16.6,461,15,0,0,1,0,2,0.1,1,3,0,570,53,1,5725,5378,0,4
0,1,27,0,0,0,486,0,0,Scott,Carson,GK,0,3.7,454,608,37.4,429,90,0,0,7,0,2,0.4,12,43,0,459,7,7,43762,15725,0,4
0,0,0,0,0,0,687,0,0,Sergio,Romero,GK,0,0,696,289,0,693,0,0,0,0,0,0,0.1,13,1,0,683,70,0,509,8247,0,4
0,0,0,0,0,0,506,0,0,Stephen,Henderson,GK,0,0,538,578,0,529,0,0,0,0,0,0,0.4,6,31,0,482,18,0,62283,39727,0,4
0,0,0,0,0,0,495,0,0,Thomas,McGill,GK,0,0,528,662,0,519,0,0,0,0,0,0,0.3,3,36,0,470,13,0,42279,17991,0,4
0,0,0,0,0,0,604,0,0,Tom,Heaton,GK,0,0,624,28,0,618,0,0,0,0,0,0,0.1,2,7,0,590,56,0,6442,7642,0,4
0,15,639,8,0,0,675,0,4,Vicente,Guaita,GK,0,82.2,198,128,819.4,17,3330,0,0,3.4,0,107,3.6,6,31,0,668,66,124,611546,565965,2,4.5
0,0,0,0,0,0,554,0,0,Wayne,Hennessey,GK,0,0,580,126,0,572,0,0,0,0,0,0,0.3,6,31,0,535,40,0,8349,47653,0,4
0,0,20,0,0,10,420,0,0,Will,Norris,GK,0,2.6,465,583,15.2,465,180,0,0,1.5,0,2,0.1,4,90,0,487,22,3,21337,13662,0,4
0,0,7,0,0,0,659,0,0,Willy,Caballero,GK,0,0.4,499,101,4.2,484,90,0,0,1,0,0,0.2,5,8,0,649,63,1,6060,22411,0,4
0,0,8,0,0,0,589,0,0,Zack,Steffen,GK,0,1,490,538,9.6,476,90,0,0,2,0,1,0.1,12,43,0,571,54,2,26049,24110,0,4
0,0,0,0,0,0,694,0,0,Aaron,Mooy,MID,0,0,702,60,0,699,0,0,0,0,0,0,0,3,36,0,692,286,0,9990,11304,0,4
3,2,421,9,0,319.4,125,0,2,Abdoulaye,Doucoure,MID,2,102.1,141,512,433.8,173,2443,0,0,2.8,0,0,0.6,7,11,267,153,90,80,151809,282299,6,5.5
0,0,0,0,0,0,679,0,0,Adam,Forshaw,MID,0,0,688,199,0,685,0,0,0,0,0,0,0,10,2,0,672,280,0,856,2338,0,4
1,2,265,5,5,355.7,105,0,0,Adam,Lallana,MID,1,91,168,54,255.2,262,1584,0,0,1.9,0,0,0.3,3,36,302,131,76,58,44560,110942,0,5.5
4,5,359,7,0,751,23,0,0,Adama,Traore,MID,2,187.2,42,465,475.4,149,2640,0,0,2.5,0,0,5.3,20,39,645,54,32,94,463234,1443205,4,6
0,0,0,0,0,0,638,0,0,Adrian,Bernabe,MID,0,0,653,537,0,649,0,0,0,0,0,0,0,12,43,0,628,258,0,1505,1574,0,4
0,0,0,0,0,0,584,0,0,Adrien,Silva,MID,0,0,607,220,0,599,0,0,0,0,0,0,0.2,9,13,0,566,216,0,8544,45856,0,4
3,1,256,5,0,263.1,157,0,1,Alex,Iwobi,MID,1,76,216,159,262.6,256,1530,0,0,2.2,0,0,0.2,7,11,233,169,93,65,38211,44448,0,6
1,0,58,0,0,32.9,362,0,0,Alex,Oxlade-Chamberlain,MID,1,17.1,397,248,70.8,400,243,0,0,1.6,0,0,0.1,11,14,68,327,164,21,6645,7703,0,6
0,0,-4,0,0,0.3,476,0,0,Alexandre,Jankewitz,MID,0,0.5,495,643,4.4,483,2,0,0,-0.5,1,0,0,16,20,0,627,257,-1,1387,890,0,4
1,3,148,5,4,210.6,185,4,0,Alexis,Mac Allister,MID,1,61.5,259,80,170.6,315,1108,0,0,2.3,0,0,0,3,36,235,166,92,48,5004,7879,1,5.5
0,0,0,0,0,0,602,0,0,Alfie,Devine,MID,0,0,622,650,0,616,0,0,0,0,0,0,0,17,6,0,588,231,0,1662,1160,0,4
1,0,102,1,0,162.8,214,0,0,Alireza,Jahanbakhsh,MID,0,45.5,303,71,73.2,397,520,0,0,1.1,0,0,0,3,36,221,176,96,24,2689,5347,3,5.5
0,0,290,7,0,233.3,179,0,0,Allan,Marques Loureiro,MID,0,64.4,253,502,366.6,202,2050,0,0,2,0,0,0.6,7,11,42,362,173,47,84109,169712,6,4.5
5,5,278,7,0,394.2,89,0,1,Allan,Saint-Maximin,MID,3,118.9,102,338,376,196,1554,0,0,3.4,0,0,3.1,14,4,418,88,51,85,474911,1694463,0,6.5
1,0,34,0,0,31.2,366,0,0,Amad,Diallo,MID,0,7.8,428,640,38,428,165,0,0,2.7,0,0,0,13,1,9,416,194,8,6790,3540,0,4
1,0,224,5,4,244.5,168,0,0,Andre Filipe,Tavares Gomes,MID,0,53,281,158,189,297,1559,0,0,1.7,0,0,0.2,7,11,103,281,139,48,25681,45090,3,5
0,0,0,0,0,0,684,0,0,Andreas,Pereira,MID,0,0,693,304,0,690,0,0,0,0,0,0,0,13,1,0,678,282,0,967,5568,0,4
1,0,47,1,3,80.3,306,0,0,Andriy,Yarmolenko,MID,0,23.5,370,436,50.6,419,362,0,0,1.1,0,0,0.1,19,21,106,278,138,17,4844,17871,3,5.5
5,8,378,7,2,694.6,28,4,0,Andros,Townsend,MID,1,152.1,70,137,511.4,124,2250,0,0,2.8,0,0,1.1,6,31,311,126,72,94,401401,417758,0,5.5
0,2,32,0,0,19.7,392,0,0,Anthony,Elanga,MID,1,10,420,702,51.6,418,155,0,0,5.5,0,0,0,13,1,29,377,180,11,290,33,0,4
0,0,11,0,0,12.7,408,0,0,Anthony,Gordon,MID,0,3.1,460,168,14.4,467,87,0,0,1,0,0,0.4,7,11,4,431,201,3,112153,145304,0,4
0,0,0,0,0,0,601,0,0,Anthony,Mancini,MID,0,0,621,612,0,613,0,0,0,0,0,0,0,4,90,0,585,228,0,1779,1440,0,4
0,13,339,5,1,426.1,75,3,2,Anwar,El Ghazi,MID,10,165.1,55,45,500.4,131,1604,0,1,4,0,0,1.2,2,7,726,44,24,111,616662,552243,2,6
4,5,585,11,1,843.2,16,0,1,Ashley,Westwood,MID,3,156.1,63,89,559.2,93,3410,0,0,2.9,0,0,0.7,4,90,156,228,115,112,107366,119930,7,5.5
1,2,149,5,4,323.6,119,4,0,Ayoze,Perez,MID,2,106.1,128,229,255.6,261,1322,0,2,2.3,0,0,0.6,9,13,482,72,40,58,61739,249985,2,6
2,0,101,3,0,132.1,237,0,0,Bamidele,Alli,MID,0,39.9,324,394,103.4,372,613,0,4,2,0,0,0.6,17,6,165,215,111,30,50411,270129,0,6.5
0,0,0,0,0,0,613,0,0,Ben,Woodburn,MID,0,0,629,696,0,623,0,0,0,0,0,0,0,11,14,0,599,235,0,142,51,0,4
0,1,75,2,0,142.7,226,0,0,Bernard,Anicio Caldeira Duarte,MID,1,32.7,349,154,104.8,370,447,0,0,1.8,0,0,0.1,7,11,80,314,156,21,13053,21968,2,5.5
7,9,413,11,5,476.2,64,0,2,Bernardo Mota,Veiga de Carvalho e Silva,MID,2,134.1,82,281,399.6,187,2063,0,0,3.6,0,0,1.1,12,43,463,75,43,94,271176,265872,5,7
7,7,407,11,4,530.6,55,1,2,Bertrand,Traore,MID,7,197.6,38,540,528.4,110,2315,0,0,3.8,0,0,0.7,2,7,917,26,12,135,263308,219181,1,6
0,0,38,1,0,50.9,342,0,0,Billy,Gilmour,MID,0,9.5,424,124,36,432,259,0,0,1.6,0,0,0.1,5,8,8,419,195,8,13069,18609,0,4
0,0,0,0,0,0,581,0,0,Brandon,Pierrick,MID,0,0,604,147,0,596,0,0,0,0,0,0,0.1,6,31,0,562,214,0,10842,15803,0,4
0,0,0,0,0,0,578,0,0,Bruno Andre,Cavaco Jordao,MID,0,0,601,475,0,593,0,0,0,0,0,0,0.2,20,39,0,559,211,0,16714,48253,0,4
14,36,870,13,2,1414.9,1,1,9,Bruno Miguel,Borges Fernandes,MID,18,396.2,1,302,1292.6,2,3101,1,1,6.6,0,0,48.7,13,1,1253,11,4,244,6424737,4058471,6,12
5,8,414,8,3,650.6,37,6,2,Bukayo,Saka,MID,5,212.7,27,24,493,137,2554,0,0,3.6,0,0,7.2,1,3,984,20,8,114,1921453,1914134,1,6.5
0,0,6,0,0,4.4,443,0,0,Caleb,Watts,MID,0,0.9,491,636,5.4,481,36,0,0,0.7,0,0,0,16,20,0,630,260,2,664,480,1,4
3,2,239,6,5,471.5,66,0,0,Callum,Hudson-Odoi,MID,2,109.9,120,122,291.8,237,1050,0,0,2.6,0,0,0.4,5,8,336,114,65,59,130166,144962,0,5.5
0,0,7,0,0,1.1,460,0,0,Carney,Chukwuemeka,MID,0,0.6,493,672,1,502,18,0,0,1,0,0,0,2,7,5,428,200,2,422,216,0,4
2,0,62,0,0,87.5,294,0,0,Cengiz,Under,MID,0,24.9,367,541,73.4,396,275,0,0,1.8,0,0,0,9,13,88,299,149,16,15324,15554,0,4
0,2,438,8,0,103,262,0,0,Cheikhou,Kouyate,MID,1,81.3,200,133,574.8,87,3121,0,0,2.3,0,0,0.3,6,31,134,254,128,82,89287,93925,4,4.5
0,0,0,0,0,0,699,0,0,Christian,Atsu,MID,0,0,706,330,0,703,0,0,0,0,0,0,0,14,4,0,697,291,0,927,6178,0,4
3,3,264,7,0,378.8,96,0,1,Christian,Pulisic,MID,4,146.2,75,119,361.4,205,1731,0,0,3,0,0,2.8,5,8,724,45,25,82,674397,1198261,2,8
0,0,0,0,0,0,620,0,0,Claudio,Gomes,MID,0,0,635,659,0,630,0,0,0,0,0,0,0,12,43,0,606,239,0,511,358,0,4
0,0,0,0,0,0,598,0,0,Cole,Palmer,MID,0,0,618,552,0,610,0,0,0,0,0,0,0,12,43,0,581,224,0,2129,2047,0,4
0,0,0,0,0,0,622,0,0,Conor,Coventry,MID,0,0,637,668,0,632,0,0,0,0,0,0,0,19,21,0,608,241,0,632,401,0,4
1,3,70,2,0,82.9,302,0,1,Conor,Hourihane,MID,1,18.2,393,33,65.4,407,225,0,0,5,0,0,0.1,2,7,33,373,178,20,23841,27592,0,4
0,0,0,0,0,0,600,0,0,Crysencio,Summerville,MID,0,0,620,693,0,612,0,0,0,0,0,0,0,10,2,0,584,227,0,219,128,0,4
2,0,226,5,0,233.4,178,0,0,Curtis,Jones,MID,1,74.8,219,263,224.6,276,1169,0,0,2.1,0,0,0.6,11,14,289,139,81,50,239769,241067,2,5
0,0,33,0,0,8.3,428,0,0,Dale,Stephens,MID,0,8,427,55,31,439,257,0,0,1.1,0,0,3.1,4,90,41,363,174,8,365908,1038265,1,4
2,5,240,8,0,322,122,0,0,Daniel,Castelo Podence,MID,3,106.2,127,469,285.6,240,1661,0,0,3.1,0,0,0.9,20,39,456,78,46,75,1047094,1059014,3,5.5
4,7,331,6,4,422.3,77,0,0,Daniel,Ceballos Fernandez,MID,0,92.4,166,501,359.8,207,1609,0,0,2.5,0,0,0.7,1,3,141,249,125,62,161696,257622,4,6
1,1,145,4,0,145.7,224,0,0,Daniel,James,MID,3,61.5,260,311,186,300,907,0,0,2.9,0,0,0.2,13,1,285,142,84,43,21119,37798,3,6
0,0,38,0,0,5.1,440,0,0,Davy,Propper,MID,0,8.2,426,59,24,448,209,0,0,1.3,0,0,0,3,36,52,349,169,9,2082,7154,0,4
1,2,520,11,0,343.8,113,2,0,Declan,Rice,MID,2,121.3,100,448,561.2,91,2880,1,2,2.7,0,0,1.8,19,21,303,130,75,86,240342,456335,2,5
0,0,3,0,0,1.3,455,0,0,Demarai,Gray,MID,0,0.5,497,230,0.2,508,18,0,0,1,0,0,0.1,9,13,3,438,202,1,2724,14369,0,4
2,1,129,3,0,132.1,236,0,0,Dennis,Praet,MID,1,36.9,336,225,119.2,356,714,0,0,2.5,0,0,0.1,9,13,120,264,132,37,79845,89231,0,5
0,9,228,4,0,188.3,201,0,0,Diogo,Jota,MID,9,125.7,93,468,387.4,191,1106,0,0,4.5,0,0,5.7,11,14,680,50,28,86,4153092,4026791,2,7.5
2,0,133,0,0,58.4,335,0,0,Donny,van de Beek,MID,1,24.5,369,495,117,358,511,0,0,1.7,0,0,1.3,13,1,70,324,162,32,169993,342394,1,5
2,0,358,12,0,304.5,135,5,0,Douglas Luiz,Soares de Paulo,MID,0,90,169,52,403.4,185,2781,0,0,2.2,1,0,0.2,2,7,189,197,101,72,32703,48081,8,4.5
5,8,493,11,2,790.3,20,4,2,Dwight,McNeil,MID,2,166.3,54,100,591.8,75,3068,0,0,3.1,0,0,0.5,4,90,277,148,88,113,80860,104671,1,6
8,17,470,6,1,653.1,36,3,4,Eberechi,Eze,MID,4,155.4,64,489,516.2,118,2555,0,0,3.7,0,0,1.2,6,31,383,98,57,125,352596,319122,3,6
0,0,3,0,0,0.3,474,0,0,Elliot,Anderson,MID,0,0.2,509,602,0,627,3,0,0,1,0,0,0,14,4,2,443,203,1,4028,3709,0,4
5,3,308,9,0,385.1,92,0,1,Emile,Smith Rowe,MID,2,88.1,175,23,273.2,251,1438,0,0,3.7,0,0,3.5,1,3,222,175,95,74,759912,493705,0,5.5
1,0,96,1,3,137.1,228,5,0,Erik,Lamela,MID,1,48.4,293,387,115.2,360,700,0,0,1.2,1,0,0.1,17,6,236,165,91,28,15142,25083,4,6
0,0,48,0,0,29.8,373,0,0,Fabian,Delph,MID,0,6.8,436,149,37,430,260,0,0,1,0,0,0,7,11,1,454,207,8,2872,5526,1,4
2,2,421,11,0,106.8,258,4,0,Fabio Henrique,Tavares,MID,0,64.6,252,253,460.4,158,2566,0,0,2.4,0,0,0.9,11,14,75,321,159,71,119250,188088,6,5.5
0,0,0,0,0,0,701,0,0,Facundo,Pellistri,MID,0,0,707,575,0,704,0,0,0,0,0,0,0,13,1,0,700,292,0,1125,1251,0,4
0,0,0,0,0,0,623,0,0,Faustino,Anjorin,MID,0,0,638,605,0,633,0,0,0,0,0,0,0,5,8,0,609,242,0,916,758,0,4
0,0,8,0,0,0.4,471,0,0,Felipe Anderson,Pereira Gomes,MID,0,0.5,498,440,2.4,493,2,0,0,1,0,0,0.1,19,21,2,451,206,2,4675,35412,0,4
0,0,0,0,0,0,619,0,0,Felix,Nmecha,MID,0,0,634,609,0,629,0,0,0,0,0,0,0,12,43,0,605,238,0,394,362,0,4
4,4,265,7,7,276.4,146,0,1,Ferran,Torres,MID,7,117,107,287,352.2,211,1297,0,0,4,0,0,3.6,12,43,543,60,34,95,534680,344667,1,7
0,1,404,12,0,395.6,87,5,0,Frederico,Rodrigues de Paula Santos,MID,1,108,122,299,482.6,145,2389,0,0,2.3,0,0,0.2,13,1,200,188,99,69,34222,36775,5,5
1,0,107,4,0,133.8,233,0,0,Gabriel Teodoro,Martinelli Silva,MID,2,57.5,265,26,142.6,342,582,0,0,2.6,0,0,0.3,1,3,300,132,77,36,118159,102890,0,5.5
3,16,366,5,2,306.5,134,2,4,Gareth,Bale,MID,11,136.4,81,543,550.8,97,912,0,3,5.7,0,0,4.2,17,6,507,68,39,113,1717954,1399144,1,9
0,0,0,0,0,0,668,0,0,Gedson,Carvalho Fernandes,MID,0,0,679,401,0,676,0,0,0,0,0,0,0.1,17,6,0,661,276,0,3097,8462,0,4
1,3,482,10,0,387,91,6,0,Georginio,Wijnaldum,MID,2,105.1,130,243,358.2,208,2938,0,0,2.6,0,0,1.2,11,14,307,128,73,97,180202,251629,1,8
1,0,149,5,4,222.8,183,6,0,Giovani,Lo Celso,MID,1,54.3,276,403,169.2,320,939,0,0,1.9,0,0,0.4,17,6,155,230,117,35,16184,48901,5,6
2,1,396,10,0,327.6,116,1,0,Granit,Xhaka,MID,1,94,159,9,456,160,2519,0,0,2.3,1,0,0.4,1,3,154,232,118,70,46739,85752,7,5
5,13,443,10,2,644.2,39,1,3,Gylfi,Sigurdsson,MID,6,168.8,51,150,530.6,108,2244,1,1,3.4,0,0,2.9,7,11,510,67,38,122,568764,467711,2,7
3,8,239,10,4,485.6,63,6,2,Hakim,Ziyech,MID,2,112.8,116,114,274.8,247,1164,0,0,3,0,0,2.1,5,8,369,100,59,70,1741089,1797114,3,7.5
0,0,59,2,0,13.5,405,0,0,Hamza,Choudhury,MID,0,7.6,429,234,34,434,311,0,0,1.4,0,0,0.1,9,13,29,378,181,14,4932,7729,1,4.5
0,0,2,0,0,0,648,0,0,Hannibal,Mejbri,MID,0,0.1,517,712,1.2,501,8,0,0,1,0,0,0,13,1,0,639,265,1,0,0,0,4
0,0,0,0,0,0,698,0,0,Harry,Wilson,MID,0,0,705,257,0,702,0,0,0,0,0,0,0,11,14,0,696,290,0,502,6183,0,4
0,0,124,1,0,77.6,309,0,0,Harry,Winks,MID,0,22.8,372,397,128.2,352,856,0,0,1.3,0,0,0.1,17,6,24,385,182,19,5690,14642,5,4.5
5,13,348,7,0,359,103,0,2,Harvey,Barnes,MID,9,172.7,49,235,556.4,95,1944,0,0,5,0,0,2.7,9,13,810,37,20,126,2581794,2718610,0,7
0,0,0,0,0,0,580,0,0,Harvey,Elliott,MID,0,0,603,265,0,595,0,0,0,0,0,0,0.1,11,14,0,561,213,0,12394,20770,0,4
4,2,162,3,0,134.3,231,0,1,Helder Wander,Sousa de Azevedo e Costa,MID,3,64.7,251,205,224.2,277,1150,0,0,2.9,0,0,2.1,10,2,289,141,83,63,1063120,1069382,0,5.5
0,0,0,0,0,0,556,0,0,Henri,Lansbury,MID,0,0,581,30,0,573,0,0,0,0,0,0,0.1,2,7,0,537,208,0,6231,20057,0,4
11,26,777,13,1,1049.9,8,4,9,Heung-Min,Son,MID,17,315.2,5,390,1052.2,6,3119,0,2,6.2,0,0,44.2,17,6,1046,16,6,228,8948988,7907511,0,10
0,0,43,0,0,71.5,321,0,0,Ian Carlo,Poveda-Ocampo,MID,0,21.8,377,209,55,414,344,0,0,1,0,0,0.3,10,2,91,293,145,14,74607,82473,0,4.5
0,0,132,3,0,143.2,225,0,0,Ibrahima,Diallo,MID,0,32.9,346,565,120.4,355,1010,0,0,1.4,0,0,0,16,20,66,328,165,31,7329,6016,3,4.5
4,22,620,12,6,688.4,30,4,6,Ilkay,Gundogan,MID,13,215.7,26,271,754.6,34,2025,1,5,5.6,0,0,17.1,12,43,712,47,27,157,4302689,3051539,1,7.5
0,0,211,4,0,117.7,247,0,0,Isaac,Hayden,MID,0,55.3,270,336,278,244,1942,0,0,1.7,0,0,0,14,4,155,229,116,40,7016,12083,8,4.5
0,0,0,0,0,0,654,0,0,Isaac,Price,MID,0,0,667,691,0,664,0,0,0,0,0,0,0,7,11,0,644,269,0,171,109,0,4
0,0,154,4,0,126.2,242,0,0,Jack,Cork,MID,0,34.9,338,84,140,343,1350,0,0,2.1,0,0,0,4,90,82,309,154,33,11770,11954,2,4.5
12,13,531,12,3,1029.6,9,2,2,Jack,Grealish,MID,6,265.3,11,37,707.4,44,2183,0,2,5.2,0,0,14.6,2,7,917,27,13,135,5460292,5366064,6,8
10,15,542,11,2,821.7,18,3,4,Jack,Harrison,MID,8,225.2,23,203,759.2,32,2846,0,0,4.4,0,0,7.6,10,2,666,52,30,160,1309819,810579,2,6
0,0,0,0,0,0,655,0,0,Jack,Jenkins,MID,0,0,668,599,0,665,0,0,0,0,0,0,0,10,2,0,645,270,0,2273,2001,0,4
0,0,0,0,0,0,688,0,0,Jack,Wilshere,MID,0,0,697,434,0,694,0,0,0,0,0,0,0,19,21,0,684,284,0,1191,10331,0,4
3,7,252,3,0,280.8,143,3,1,Jacob,Murphy,MID,2,93.2,163,497,363.4,203,1617,0,0,2.7,0,0,0.1,14,4,289,140,82,69,13892,13600,3,5
0,0,75,2,0,91.7,283,0,0,Jacob,Ramsey,MID,0,28.9,358,554,72.8,398,611,0,0,1.3,0,0,0.1,2,7,126,259,130,28,16728,14013,0,4.5
0,0,2,0,0,0.5,469,0,0,Jaden,Philogene-Bidace,MID,0,0.1,515,683,0,614,1,0,0,1,0,0,0,2,7,0,587,230,1,336,196,0,4
0,4,249,4,0,160.4,217,0,1,Jairo,Riedewald,MID,2,52.4,284,144,274,250,1810,0,0,1.9,0,0,0.7,6,31,88,298,148,64,272451,248089,4,5
0,0,0,0,0,0,626,0,0,Jake,Cain,MID,0,0,641,607,0,636,0,0,0,0,0,0,0,11,14,0,612,245,0,639,563,0,4
0,0,59,2,0,62.2,332,0,0,Jakub,Moder,MID,0,28.8,359,628,63.8,409,643,0,0,1.8,0,0,0,3,36,162,219,113,21,2023,1071,0,4.5
0,0,0,0,0,0,597,0,0,James,Garner,MID,0,0,617,317,0,609,0,0,0,0,0,0,0,13,1,0,580,223,0,2403,7023,0,4
7,12,473,10,2,770.3,22,1,3,James,Maddison,MID,8,202.5,35,231,588.4,77,2093,0,4,4.3,0,0,5.5,9,13,668,51,29,133,2715551,2509196,4,7
2,3,228,4,0,202.2,190,0,0,James,McArthur,MID,0,55.2,272,130,285.2,241,1465,0,0,2.5,0,0,0.1,6,31,65,334,166,45,8224,20013,3,4.5
0,0,129,2,5,87.2,295,0,0,James,McCarthy,MID,0,20.9,379,131,112.2,363,816,0,0,1.6,0,0,0.7,6,31,10,410,188,26,143257,267918,1,4.5
2,2,204,4,4,242,171,0,1,James,Milner,MID,0,55.2,273,241,200,290,1056,0,1,1.7,0,0,0.1,11,14,108,274,136,44,18310,28805,3,5
5,11,432,5,1,585.6,44,2,1,James,Rodriguez,MID,6,148.7,72,508,499.2,132,1763,0,0,4.4,0,0,7.8,7,11,399,95,55,101,3807180,4212199,4,7
7,17,772,9,1,971.2,11,1,4,James,Ward-Prowse,MID,8,226.5,22,370,940,9,3420,1,2,4.1,0,0,11.7,16,20,355,107,63,156,3148829,2591707,5,6.5
0,0,72,1,0,45.7,348,0,0,Jamie,Shackleton,MID,0,11.4,414,210,52,417,454,0,0,1.3,0,0,0,10,2,18,396,184,17,2137,4854,0,4.5
6,8,434,9,2,493.5,60,0,4,Jarrod,Bowen,MID,8,183.7,44,445,529.8,109,2556,0,0,3.7,0,0,2.5,19,21,812,36,19,141,916121,876060,0,6.5
0,0,0,0,0,0,670,0,0,Jay-Roy,Grot,MID,0,0,681,207,0,678,0,0,0,0,0,0,0,10,2,0,663,278,0,1206,3584,0,4
0,0,3,0,0,0,621,0,0,Jayson,Molumby,MID,0,0,636,550,0,631,1,0,0,1,0,0,0,3,36,0,607,240,1,2278,2354,0,4
0,0,1,0,0,0.9,465,0,0,Jean-Philippe,Gbamin,MID,0,0.5,496,161,3.8,486,11,0,0,1,0,0,0,7,11,0,694,288,1,749,657,0,4
1,3,177,3,0,99,272,0,1,Jeff,Hendrick,MID,2,40.3,322,485,211.4,284,1418,0,0,2.4,1,0,1.2,14,4,95,292,144,52,543306,578314,1,5
3,3,194,5,0,242.1,170,0,1,Jeffrey,Schlupp,MID,2,88.2,174,142,336.6,220,1415,0,0,2.4,0,0,0.1,6,31,304,129,74,65,15713,21008,3,5.5
0,0,0,0,0,0,633,0,0,Jensen,Weir,MID,0,0,648,633,0,644,0,0,0,0,0,0,0,3,36,0,621,252,0,889,720,0,4
5,15,332,4,5,288.2,142,0,4,Jesse,Lingard,MID,9,130.4,86,301,487,141,1423,1,3,6.6,0,0,29.6,19,21,530,62,36,106,3276996,920521,3,7
0,0,0,0,0,0,639,0,0,Jesurun,Rak-Sakyi,MID,0,0,654,688,0,650,0,0,0,0,0,0,0,6,31,0,629,259,0,236,144,0,4
1,4,446,6,1,726.9,24,4,0,Joao Filipe Iria,Santos Moutinho,MID,1,132.2,84,454,478.4,146,2526,0,0,2.2,1,0,0.8,20,39,113,272,135,73,50731,216046,3,5
0,3,175,3,3,160.8,216,3,0,Johann Berg,Gudmundsson,MID,2,52.3,285,90,193.6,294,1358,0,0,2.3,0,0,0,4,90,170,208,106,50,17703,21422,2,5.5
7,2,492,14,0,600.5,43,0,0,John,McGinn,MID,3,154.1,66,38,579,83,3330,0,0,3.1,0,0,1.1,2,7,361,104,62,114,375366,353403,12,6
3,2,377,6,3,522.1,56,1,0,Jonjo,Shelvey,MID,1,129.6,88,321,474.2,151,2616,0,0,2.5,0,0,0.2,14,4,299,133,78,74,21867,36741,7,5.5
2,2,345,4,5,262.3,158,5,0,Jordan,Henderson,MID,1,72.9,226,244,358,209,1704,0,0,2.7,0,0,0.9,11,14,108,275,137,56,142183,286999,0,5
0,0,0,0,0,0,579,0,0,Jordan,Stevens,MID,0,0,602,212,0,594,0,0,0,0,0,0,0.4,10,2,0,560,212,0,18977,99556,0,4
2,15,485,14,0,383.5,94,0,5,Jorge Luiz,Frello Filho,MID,7,114.9,110,105,588.8,76,2006,2,1,4.1,0,0,4.7,5,8,175,206,104,114,1607580,1568248,2,6
0,0,2,0,0,1.3,456,0,0,Jose,Izquierdo,MID,0,1.2,489,72,3.2,489,8,0,0,1,0,0,0,3,36,7,422,198,1,10597,10602,0,4
0,0,0,0,0,0,710,0,0,Jose Ignacio,Peleteiro Romallo,MID,0,0,711,34,0,709,0,0,0,0,0,0,0,2,7,0,710,294,0,1439,7779,0,4
0,5,254,4,0,137.2,227,0,1,Joseph,Willock,MID,8,97.3,152,20,436.6,172,1210,1,3,3.8,0,0,4.1,14,4,401,92,53,79,358152,34802,1,6
0,0,27,1,0,7.9,432,5,0,Josh,Benson,MID,0,3.7,455,535,16,463,260,0,0,1.7,0,0,0,4,90,13,404,186,10,4559,4188,0,4
1,0,359,10,0,309.1,129,1,0,Josh,Brownhill,MID,0,104.5,133,98,350.4,215,2812,0,0,2.2,0,0,0.1,4,90,384,97,56,74,9897,10328,2,4.5
0,0,0,0,0,0,569,0,0,Josh,Sims,MID,0,0,594,374,0,586,0,0,0,0,0,0,0.1,16,20,0,550,210,0,10836,20629,0,4
3,3,126,1,4,132.8,235,4,0,Juan,Mata,MID,1,32.7,350,290,108.4,368,507,0,5,3.6,0,0,0.1,13,1,86,301,150,32,12462,17999,0,5
6,3,268,8,0,307.7,132,3,1,Kai,Havertz,MID,4,114.2,113,500,325,224,1512,0,0,3.4,0,0,3.1,5,8,514,65,37,91,810778,1484571,2,8.5
0,0,0,0,0,0,647,0,0,Kaine,Hayden,MID,0,0,662,671,0,658,0,0,0,0,0,0,0,2,7,0,638,264,0,396,274,0,4
2,2,396,9,4,539.3,50,2,0,Kalvin,Phillips,MID,1,115.8,108,204,535.4,106,2428,0,0,2.3,0,0,0.9,10,2,82,308,153,67,201523,339144,10,5
12,19,566,12,1,1170.1,4,1,3,Kevin,De Bruyne,MID,6,284.7,8,272,760.8,31,1995,1,3,5.6,0,0,11.9,12,43,914,28,14,141,5387239,6461517,1,12
0,0,0,0,0,0,599,0,0,Kgaogelo,Chauke,MID,0,0,619,624,0,611,0,0,0,0,0,0,0,16,20,0,583,226,0,1291,960,0,4
2,2,330,11,0,261.4,160,0,0,Leander,Dendoncker,MID,1,99.2,148,464,386.4,192,2498,0,0,2.3,0,0,0.6,20,39,343,112,64,77,105414,212655,4,5
6,15,406,12,3,725.1,25,2,5,Leandro,Trossard,MID,5,202.8,34,69,543.4,101,2602,0,0,3.8,0,0,1.8,3,36,759,41,22,132,672806,595206,2,6.5
0,0,0,0,0,0,625,0,0,Leighton,Clarkson,MID,0,0,640,601,0,635,0,0,0,0,0,0,0,11,14,0,611,244,0,641,608,0,4
5,5,238,4,5,258.4,161,0,1,Lucas,Rodrigues Moura da Silva,MID,3,87.7,178,392,322.4,226,1397,0,0,2.7,0,0,1.4,17,6,298,134,79,80,313296,394073,1,6.5
0,0,0,0,0,0,669,0,0,Lucas,Torreira,MID,0,0,680,19,0,677,0,0,0,0,0,0,0.1,1,3,0,662,277,0,3459,17710,0,4
1,3,332,7,3,329.6,115,1,1,Luka,Milivojevic,MID,1,88.4,173,138,410.8,181,2357,1,1,2,1,0,0.2,6,31,143,246,124,63,19345,69021,8,5.5
0,0,0,0,0,0,628,0,0,Luke,Cundle,MID,0,0,643,614,0,638,0,0,0,0,0,0,0,20,39,0,614,247,0,2046,1531,0,4
0,0,0,0,0,0,615,0,0,Mace,Goodridge,MID,0,0,631,551,0,625,0,0,0,0,0,0,0,4,90,0,601,236,0,1278,1428,0,4
1,3,152,6,0,180.1,206,0,1,Mahmoud Ahmed,Ibrahim Hassan,MID,2,86.7,185,40,213.6,283,1157,0,0,2.7,0,0,0.4,2,7,478,73,41,56,68773,142486,0,5.5
1,0,117,1,0,153,220,4,0,Manuel,Lanzini,MID,1,37.5,335,439,121.4,353,556,0,0,1.6,0,0,0.1,19,21,102,282,140,28,18837,20428,1,6
7,3,325,4,3,544.2,49,0,1,Marc,Albrighton,MID,1,123.9,95,221,412.6,179,1735,0,0,2.5,0,0,0.2,9,13,282,143,85,78,18615,24464,2,5.5
11,9,535,12,0,682.1,31,2,3,Marcus,Rashford,MID,11,260.3,12,306,793.2,23,2917,0,2,4.7,0,0,10.2,13,1,1127,14,5,174,3131786,2780899,4,9.5
0,0,132,0,4,88.6,289,0,0,Mark,Noble,MID,0,17.6,396,427,80.4,389,701,0,1,1.3,0,0,0.3,19,21,7,421,197,27,16074,140132,1,4.5
2,3,183,3,2,322.8,121,0,1,Martin,Odegaard,MID,1,65.9,247,645,169.8,317,861,0,0,2.9,0,0,0.6,1,3,167,213,109,40,266756,221553,0,7
1,1,115,4,0,32.5,363,0,0,Marvelous,Nakamba,MID,0,15.4,400,44,110.8,365,747,0,0,2.1,0,0,0.4,2,7,10,411,189,27,86015,101021,3,4.5
2,9,318,7,5,278.7,144,0,3,Mason,Greenwood,MID,7,152.7,67,315,370.8,198,1813,0,0,3.4,0,0,10.7,13,1,881,31,17,106,1377317,1050079,2,7.5
7,16,599,14,1,1336.9,2,1,2,Mason,Mount,MID,6,306.3,7,120,770.4,28,2887,0,2,4.1,0,0,17.3,5,8,954,22,9,147,2764000,2037325,2,7.5
1,0,332,9,0,384.8,93,0,0,Mateo,Kovacic,MID,0,87,183,107,332.4,221,1809,0,0,2,0,0,0.3,5,8,153,235,120,54,38290,46752,4,5
0,0,0,0,0,0,582,0,0,Mateusz,Bogusz,MID,0,0,605,533,0,597,0,0,0,0,0,0,0,10,2,0,563,215,0,2836,3026,0,4
5,3,407,8,5,661.4,34,0,0,Mateusz,Klich,MID,4,145.7,76,198,464.6,155,2386,0,2,2.8,0,0,2.3,10,2,333,116,67,99,1084766,1107031,6,5.5
5,5,226,3,1,411.9,83,5,1,Matt,Ritchie,MID,0,73.8,224,322,225.8,275,1347,0,4,2.9,0,0,0.1,14,4,101,284,141,52,12787,13795,2,5
0,0,0,0,0,0,671,0,0,Matteo,Guendouzi,MID,0,0,682,25,0,679,0,0,0,0,0,0,0.1,1,3,0,664,279,0,2725,13207,0,4
0,0,47,1,0,35.6,356,0,0,Matthew,Longstaff,MID,0,7,432,487,32.6,437,376,0,0,2,0,0,0,14,4,2,447,205,10,1764,4056,0,4
0,0,0,0,0,0,558,0,0,Matty,James,MID,0,0,583,222,0,575,0,0,0,0,0,0,0.2,9,13,0,539,209,0,29808,58030,0,4
0,0,0,0,0,0,665,0,0,Max,Meyer,MID,0,0,676,143,0,673,0,0,0,0,0,0,0,6,31,0,656,275,0,2134,5224,0,4
0,0,0,0,0,0,617,0,0,Max,Sanders,MID,0,0,632,632,0,626,0,0,0,0,0,0,0,3,36,0,603,237,0,105,101,0,4
0,0,0,0,0,0,595,0,0,Meritan,Shabani,MID,0,0,615,553,0,607,0,0,0,0,0,0,0,20,39,0,577,220,0,4372,4508,0,4
0,0,0,0,0,0,713,0,0,Mesut,Ozil,MID,0,0,713,1,0,713,0,0,0,0,0,0,0.5,1,3,0,713,295,0,3441,54937,0,4
2,8,367,5,5,447.3,71,6,1,Miguel,Almiron,MID,4,132.6,83,339,452.6,161,2426,0,0,2.9,0,0,0.5,14,4,425,87,50,97,81648,124413,3,5.5
0,0,0,0,0,0,632,0,0,Miguel,Azeez,MID,0,0,647,689,0,643,0,0,0,0,0,0,0,1,3,0,620,251,0,524,221,0,4
6,21,657,11,0,825.7,17,2,4,Mohamed,Salah,MID,22,385.8,2,254,1056,5,3077,0,2,6.2,0,0,43.6,11,14,1980,1,1,231,6642020,5825059,0,12.5
0,3,258,5,0,99.9,271,0,1,Mohamed Naser,El Sayed Elneny,MID,1,37.8,332,526,200.2,288,1538,0,0,2.2,0,0,1.3,1,3,79,316,157,50,337581,304271,3,4.5
0,0,0,0,0,0,697,0,0,Moises,Caicedo,MID,0,0,704,664,0,701,0,0,0,0,0,0,0,3,36,0,695,289,0,540,375,0,4
0,3,87,0,0,112.8,252,0,0,Morgan,Gibbs-White,MID,1,31.3,353,473,85,385,407,0,0,2,0,0,0,20,39,114,270,134,22,1549,1356,1,4.5
0,0,29,1,6,28.8,375,0,0,Morgan,Sanson,MID,0,6.2,442,647,25.8,445,288,0,0,1.1,0,0,0,2,7,10,413,191,10,770,684,3,5
2,0,140,3,0,97.7,274,0,0,Moussa,Djenepo,MID,1,44.1,308,382,178,309,1229,0,0,1.7,0,0,0.1,16,20,170,209,107,46,18922,23572,5,5.5
0,2,214,5,0,94.5,280,0,0,Moussa,Sissoko,MID,0,34.6,341,385,182.2,303,1576,0,0,1.8,0,0,0.4,17,6,69,326,163,44,47668,72730,3,4.5
2,0,375,10,0,347.3,110,0,0,N'Golo,Kante,MID,0,89.7,172,113,449,164,2140,0,0,2.1,0,0,2.4,5,8,96,290,143,62,239345,434912,7,5
0,0,78,2,0,100.5,269,0,0,Naby,Keita,MID,0,29,357,261,70.6,402,517,0,0,1.5,0,0,0.2,11,14,119,265,133,15,17380,81802,1,5
1,0,234,4,0,118.7,245,0,0,Nampalys,Mendy,MID,0,29.6,355,518,153,333,1452,0,0,1.8,0,0,1.5,9,13,23,386,183,41,457969,438316,5,4.5
0,0,5,0,0,0,612,0,0,Nathan,Broadhead,MID,0,0.2,508,680,2,497,2,0,0,1,0,0,0,7,11,0,598,234,1,228,141,0,4
3,3,243,1,0,400.4,86,3,1,Nathan,Redmond,MID,2,117.1,106,365,297,233,1727,0,0,2.3,0,0,0.2,16,20,477,74,42,67,47998,91192,1,6
2,2,76,2,0,86,296,0,1,Nathan,Tella,MID,1,38.2,329,524,94.6,382,735,0,0,2,0,0,0.4,16,20,203,184,98,36,67519,58523,2,5
1,0,223,4,0,149,222,0,0,Nemanja,Matic,MID,0,44.7,306,295,218.4,280,1101,0,0,1.8,0,0,0.2,13,1,80,311,155,36,17251,29295,2,4.5
3,11,351,4,5,235.9,175,0,2,Nicolas,Pepe,MID,10,148.5,74,18,476.2,148,1606,0,3,3.9,1,0,2.4,1,3,774,39,21,114,284328,262799,1,7.5
0,0,0,0,0,0,641,0,0,Nile,John,MID,0,0,656,710,0,652,0,0,0,0,0,0,0,17,6,0,632,261,0,0,0,0,4
0,0,0,0,0,0,591,0,0,Oliver,Skipp,MID,0,0,611,404,0,603,0,0,0,0,0,0,0,17,6,0,573,217,0,1848,3369,0,4
1,4,264,6,0,229.1,181,0,0,Oriol,Romeu Vidal,MID,1,67.6,240,364,349.2,216,1762,0,0,2.5,0,0,1.4,16,20,98,287,142,52,497459,705758,6,4.5
1,0,33,0,0,25.9,381,0,0,Owen,Otasowie,MID,0,9.8,421,581,38.2,427,185,0,0,1.5,0,0,0,20,39,34,370,177,9,3769,3547,1,4
7,10,430,9,0,441.3,73,0,1,Pablo,Fornals,MID,5,156.5,62,450,491.8,138,2571,0,0,3.8,0,0,0.5,19,21,631,55,33,125,284580,277180,3,6
3,0,103,1,0,97.9,273,4,0,Pablo,Hernandez Dominguez,MID,0,33.4,344,193,84,386,414,0,0,1.8,0,0,0.3,10,2,153,236,121,28,27160,132343,1,5.5
8,11,525,10,1,1087.8,6,1,0,Pascal,Gross,MID,3,212.3,28,57,620.4,65,2479,1,1,3.4,0,0,0.4,3,36,415,89,52,116,162328,156843,3,6
6,11,355,5,0,376,97,3,1,Paul,Pogba,MID,3,122.5,97,296,451.4,163,1892,0,3,3.5,0,0,1.9,13,1,401,93,54,92,489815,518791,3,7.5
8,10,492,9,2,1007.3,10,2,1,Pedro,Lomba Neto,MID,5,232.5,19,474,594.2,73,2549,0,0,4,0,0,3.7,20,39,722,46,26,124,2326554,2155321,4,6.5
1,0,31,0,0,35.8,355,0,0,Percy,Tau,MID,0,6.9,434,627,26.8,441,101,0,0,2.3,0,0,0,3,36,6,427,199,7,5560,4798,0,4
8,17,479,6,2,545.8,48,0,5,Phil,Foden,MID,9,186,43,284,580.8,82,1607,0,0,4.8,0,0,9.8,12,43,734,43,23,135,2954662,2552215,0,8
3,11,358,10,0,361.5,101,0,3,Pierre-Emerick,Aubameyang,MID,10,167.4,52,4,493.8,136,2330,0,1,4.5,0,0,7.2,1,3,823,34,18,131,1240132,3870817,2,10
4,6,578,12,0,308.7,130,0,1,Pierre-Emile,Hojbjerg,MID,2,118.4,104,396,728.8,41,3420,0,0,2.8,0,0,1,17,6,146,242,123,107,190486,207148,9,5
9,10,458,14,0,584.1,45,2,1,Raheem,Sterling,MID,10,260.3,13,276,663.4,60,2534,1,6,5,0,0,4.3,12,43,1366,8,3,154,2471153,2456429,4,11
10,11,489,9,3,889.3,13,1,4,Raphael,Dias Belloli,MID,6,251.3,15,570,719.6,43,2358,0,0,4.4,0,0,9.4,10,2,902,29,15,133,2353465,1621868,3,6.5
0,0,3,0,0,0,649,0,0,Reda,Khadra,MID,0,0.2,510,630,0,659,4,0,0,1,0,0,0,3,36,2,444,204,1,684,500,0,4
0,0,2,0,0,9.7,425,0,0,Reiss,Nelson,MID,0,2.4,470,21,4.2,485,70,0,0,1,0,0,0,1,3,10,412,190,2,2497,7021,0,4
8,15,505,11,3,693.6,29,3,4,Riyad,Mahrez,MID,9,219.1,25,275,606,67,1945,0,2,5.4,0,0,6.4,12,43,893,30,16,145,2524433,2242060,0,9
1,3,157,7,4,133.9,232,2,0,Robbie,Brady,MID,1,47.2,297,95,174.2,312,1047,0,0,2.3,0,0,0,4,90,168,212,108,44,13631,16717,3,5
2,5,531,13,0,546.3,47,0,0,Rodrigo,Hernandez,MID,2,152.4,69,286,640.6,62,2747,0,4,2.7,0,0,0.4,12,43,335,115,66,91,60581,76856,6,5.5
0,0,0,0,0,0,683,0,0,Rolando,Aarons,MID,0,0,692,337,0,689,0,0,0,0,0,0,0,14,4,0,677,281,0,1553,6243,0,4
2,4,286,8,2,579.3,46,4,1,Ross,Barkley,MID,3,128.6,89,106,274.2,249,1566,0,0,2.9,0,0,0.7,2,7,431,85,49,76,516766,520520,0,5.5
1,10,502,8,4,455,69,1,1,Ruben Diogo,da Silva Neves,MID,5,159.9,60,466,697.2,48,2670,0,2,2.9,0,0,1.4,20,39,445,81,47,104,223634,314057,8,5.5
0,0,0,0,0,0,636,0,0,Ryan,Finnigan,MID,0,0,651,655,0,647,0,0,0,0,0,0,0,16,20,0,625,255,0,354,260,0,4
4,0,154,4,2,395,88,0,0,Ryan,Fraser,MID,0,70.1,234,507,142.8,341,922,0,0,2.2,1,0,0.2,14,4,165,214,110,39,25574,87688,0,5.5
11,14,513,12,0,809.7,19,0,3,Sadio,Mane,MID,11,315.5,4,251,808.8,21,2808,0,3,5,0,0,8.2,11,14,1535,4,2,176,2013619,2364727,3,12
6,4,255,3,0,371.9,98,3,0,Said,Benrahma,MID,1,104.6,132,587,301,230,1376,0,0,2.4,0,0,0.4,19,21,371,99,58,73,89546,66151,0,6
2,4,413,9,0,270.5,152,0,1,Scott,McTominay,MID,4,110.9,117,309,523.2,113,2124,0,0,2.8,0,0,0.8,13,1,314,122,70,91,247801,225008,3,5.5
1,1,168,2,4,182.8,203,4,0,Sean,Longstaff,MID,0,50.8,289,480,179.2,306,1405,0,0,1.9,0,0,0.1,14,4,148,241,122,41,9187,14524,2,4.5
0,0,0,0,0,0,637,0,0,Shane,Flynn,MID,0,0,652,684,0,648,0,0,0,0,0,0,0,9,13,0,626,256,0,227,161,0,4
0,0,6,0,0,1.1,459,0,0,Shola,Shoretire,MID,0,0.1,514,673,0.2,506,9,0,0,1,0,0,0,13,1,0,586,229,2,756,391,0,4
0,0,10,0,0,1.2,458,0,0,Sidnei,Tavares,MID,0,2,475,676,9.6,477,84,0,0,1.5,0,0,0,9,13,9,415,193,3,530,352,0,4
0,0,0,0,0,0,706,0,0,Sofiane,Boufal,MID,0,0,708,372,0,705,0,0,0,0,0,0,0,16,20,0,706,293,0,634,4788,0,4
2,6,283,7,0,414.3,79,0,1,Solomon,March,MID,2,110.5,119,65,368.6,200,1670,0,0,3.3,0,0,0.4,3,36,322,119,68,69,296656,291147,0,5.5
0,3,141,5,0,154.9,219,0,1,Steven,Alzate,MID,1,37.6,333,79,132.2,349,892,0,0,2.3,0,0,0.9,3,36,88,296,147,35,236556,206801,2,5
4,2,129,5,6,190.9,199,0,0,Steven,Bergwijn,MID,1,52.8,282,400,161.4,328,1202,0,0,2.6,0,0,0.4,17,6,180,202,102,55,37028,113254,3,6
7,4,455,8,0,496.7,59,0,1,Stuart,Armstrong,MID,4,149.4,71,368,541.2,103,2764,0,0,3.5,0,0,0.5,16,20,457,77,45,115,152706,149062,3,6
0,0,0,0,0,0,594,0,0,Tahith,Chong,MID,0,0,614,316,0,606,0,0,0,0,0,0,0,13,1,0,576,219,0,799,1499,0,4
0,2,153,2,0,92.3,282,0,0,Takumi,Minamino,MID,3,54,279,258,168.2,323,999,0,0,2.5,0,0,0.3,16,20,281,146,87,48,100137,117298,1,5.5
3,7,407,12,0,270.8,151,0,1,Tanguy,Ndombele,MID,3,96.2,156,405,408,182,2086,0,0,3,0,0,0.6,17,6,281,145,86,99,139752,135522,3,6
0,0,0,0,0,0,645,0,0,Tawanda,Maswanhise,MID,0,0,660,703,0,656,0,0,0,0,0,0,0,9,13,0,636,263,0,80,19,0,4
0,0,0,0,0,0,596,0,0,Taylor,Perry,MID,0,0,616,611,0,608,0,0,0,0,0,0,0,20,39,0,578,221,0,1906,1338,0,4
0,0,0,0,0,0,627,0,0,Teddy,Jenks,MID,0,0,642,631,0,637,0,0,0,0,0,0,0,3,36,0,613,246,0,519,409,0,4
0,0,2,0,0,1.4,453,0,0,Thakgalo,Leshabela,MID,0,0.2,507,661,0.6,505,9,0,0,1,0,0,0,9,13,0,579,222,1,533,380,0,4
0,0,0,0,0,0,657,0,0,Thanawat,Suengchitthawon,MID,0,0,670,687,0,667,0,0,0,0,0,0,0,9,13,0,647,271,0,229,115,0,4
0,0,5,0,0,15.1,401,0,0,Theo,Corbeanu,MID,0,2.4,469,610,9,478,8,0,0,1,0,0,0,20,39,0,582,225,1,840,626,0,4
4,2,185,5,0,248,167,0,0,Theo,Walcott,MID,3,88,176,148,269.8,254,1629,0,0,3.5,0,0,0.3,16,20,366,101,60,76,166955,174871,0,6
0,1,331,8,0,460.3,68,0,0,Thiago,Alcantara do Nascimento,MID,1,101.9,142,531,378.8,194,1851,0,0,2.3,0,0,1.2,11,14,178,205,103,55,428156,420510,4,5.5
2,0,273,6,0,195.7,195,0,0,Thomas,Partey,MID,0,61.7,258,567,289.4,239,1529,0,0,2,0,0,0.3,1,3,129,258,129,47,122595,115671,5,5
1,1,209,5,0,112,253,0,0,Tom,Davies,MID,0,34.7,340,163,205.6,285,1417,0,0,1.9,0,0,0.1,7,11,30,375,179,47,6570,12453,3,5
2,16,555,11,0,271.1,150,0,4,Tomas,Soucek,MID,10,208.8,30,449,889.8,10,3420,0,0,3.9,1,0,11.2,19,21,925,25,11,147,3009936,2532815,7,6
0,0,0,0,0,0,593,0,0,Tommy,Doyle,MID,0,0,613,285,0,605,0,0,0,0,0,0,0.1,12,43,0,575,218,0,7422,11287,0,4
0,0,0,0,0,0,642,0,0,Tyler,Onyango,MID,0,0,657,644,0,653,0,0,0,0,0,0,0,7,11,0,633,262,0,474,355,0,4
2,0,169,4,0,239,172,0,0,Tyler,Roberts,MID,1,72.5,227,206,189.4,296,1330,0,0,1.8,0,0,0.1,10,2,296,136,80,49,15351,15615,3,5
1,0,112,0,6,179,207,0,0,Vitor,Ferreira,MID,0,33.3,345,515,80,390,509,0,0,1.4,0,0,0,20,39,72,323,161,26,2715,4911,0,4
4,11,430,7,0,234.5,176,0,0,Wilfred,Ndidi,MID,1,86.2,190,236,549.2,98,2175,0,0,3,0,0,0.7,9,13,78,319,158,79,75053,178430,6,5
4,11,362,6,0,428.5,74,0,3,Wilfried,Zaha,MID,11,200.4,36,141,572.6,89,2612,0,3,4.5,0,0,9.9,6,31,1003,19,7,136,4315189,4470186,6,7
0,0,0,0,0,0,630,0,0,Will,Ferry,MID,0,0,645,634,0,640,0,0,0,0,0,0,0,16,20,0,616,248,0,350,272,0,4
0,0,17,0,0,7.4,434,0,0,William,Smallbone,MID,0,3.3,458,379,16.8,460,171,0,0,1.7,0,0,0.1,16,20,9,414,192,5,26148,49229,0,4
7,9,306,3,1,534.8,52,2,1,Willian,Borges Da Silva,MID,1,102.3,139,478,256.2,260,1398,0,0,3.1,0,0,2.7,1,3,228,171,94,78,810536,1379122,0,6.5
2,1,127,2,3,294.2,140,3,0,Xherdan,Shaqiri,MID,0,47.6,295,247,95.2,380,548,0,0,1.9,0,0,0.1,11,14,86,302,151,26,7565,10064,2,6
4,11,633,11,1,788.2,21,2,2,Youri,Tielemans,MID,6,209.1,29,228,840.4,16,3356,0,3,3.5,0,0,3.8,9,13,462,76,44,133,774692,679929,6,6.5
0,2,487,11,0,295.5,138,0,0,Yves,Bissouma,MID,1,101.1,144,76,523.6,112,3112,0,0,2.1,1,0,1.6,3,36,196,192,100,77,379298,567702,8,4.5