assists,bonus,bps,clean_sheets,creativity,dreamteam_count,goals_scored,ict_index,id,influence,minutes,points_per_game,red_cards,selected_by_percent,team,threat,total_points,transfers_in,transfers_out,yellow_cards,prices
11,21,730,11,898.6,3,0,166.8,435,669.4,3170,4.2,0,18.2,19,96,153,3554519,2331163,3,5.5
5,11,729,13,498.2,2,2,144.1,313,785.4,3060,4.2,0,18.8,13,159,144,2195016,1654399,3,5.5
0,0,470,9,96.6,0,1,84.6,66,505.4,2594,2.9,0,1,3,244,85,129867,255711,4,4.5
0,4,190,3,201.8,1,0,43.9,29,170.4,833,2.4,0,0.3,2,65,33,52535,66391,2,4.5
2,3,149,1,200.7,0,0,40.1,568,168.6,689,2.8,0,0.5,13,33,25,264515,251290,0,5
0,0,3,0,0,0,0,0,635,0,12,0,0,0,16,0,0,1830,1519,0,4
0,9,323,8,80.9,1,0,40.9,116,293.4,1371,3.6,1,1.1,5,34,61,180271,127699,2,5
8,19,834,12,1129.3,3,1,224.5,255,754.4,3384,4.2,0,16.5,11,359,161,2667908,2484827,2,7
0,5,461,9,56.4,2,3,79.1,432,489.8,2492,3.6,0,0.8,19,244,100,395549,384660,5,5
0,0,0,0,0,0,0,0,536,0,0,0,0,0.1,4,0,0,9512,9358,0,4
0,9,429,11,83.8,1,1,65.4,109,368.6,1710,4.9,0,5.6,5,201,93,793208,518969,0,5.5
2,4,209,4,200.5,1,0,45,442,187.4,1006,3.5,0,0.4,19,62,42,234799,245814,2,4.5
0,0,59,0,6,0,0,10,307,95,402,0.8,0,0.1,13,0,7,22803,20416,2,4
0,4,286,7,78,0,0,39.6,280,233.4,1343,3.6,0,2.3,12,85,58,204996,407135,1,5.5
0,0,0,0,0,0,0,0,196,0,0,0,0,2.8,10,0,0,252878,1037826,0,4
0,0,0,0,0,0,0,0,653,0,0,0,0,0,11,0,0,4479,3836,0,4
2,1,253,4,136.8,0,0,43.4,395,232.8,1340,2.6,0,0.6,17,65,52,131476,270768,1,4.5
0,0,0,0,0,0,0,0,94,0,0,0,0,0.1,4,0,0,6239,20203,0,4
2,7,537,11,84.3,2,0,84.8,566,610.4,2683,3.2,0,1.9,7,152,100,234703,86451,4,5
0,0,104,1,63.7,0,1,18.9,452,98,516,1.8,0,2.2,19,28,25,327059,361679,1,4
0,7,500,10,71.6,1,2,107.9,88,691,2693,3.4,0,2.9,4,312,102,784895,599085,3,5
0,5,571,12,152.5,1,0,79.7,74,488.6,3192,2.9,1,1.9,3,153,104,321865,297599,3,4.5
6,11,549,12,535.8,2,3,148.5,232,545,2286,5.1,0,14.6,5,408,139,4126264,3310868,3,6
1,8,222,5,117.1,3,2,38.4,274,179.8,951,4.8,0,1.7,12,89,63,239378,274033,2,5.5
0,0,30,0,32.4,0,0,12.8,75,27.2,205,1.7,0,4,3,69,5,319447,912494,0,4
0,0,0,0,0,0,0,0,697,0,0,0,0,0,11,0,0,115,40,0,4
0,0,0,0,0,0,0,0,36,0,0,0,0,0.1,2,0,0,12320,19555,0,4
0,0,0,0,0,0,0,0,520,0,0,0,0,0.4,4,0,0,48725,57391,0,4
0,0,26,0,19.4,0,0,6.5,318,26.6,187,1.2,0,0.5,13,19,5,26490,112321,0,4
0,3,360,5,114.4,0,1,67.7,238,403.6,1816,2.6,0,3,9,157,59,219265,921037,2,5
3,3,168,2,169.4,1,0,41.9,13,171.8,751,3.6,0,0.2,1,77,36,27587,16500,0,4.5
0,0,0,0,0,0,0,0,521,0,0,0,0,0.2,17,0,0,18844,34745,0,4
1,3,125,2,114.8,0,0,29.2,5,110.8,744,2.8,0,0.3,1,66,28,41602,66906,1,4.5
2,12,518,13,413.3,1,1,107.9,102,502.2,2187,4.3,1,6.4,5,164,113,818667,871644,5,6
0,0,0,0,0,0,0,0,620,0,0,0,0,0.1,10,0,0,12679,8180,0,4
2,5,451,8,248.5,0,0,79.5,97,494.4,2425,2.9,0,1.4,4,52,83,624199,864368,1,4.5
0,0,0,0,0,0,0,0,292,0,0,0,0,0.1,13,0,0,1911,12302,0,4
0,2,112,3,33.9,0,0,19.2,218,137,701,2.7,0,0.2,9,22,24,45484,44838,4,4
0,0,0,0,0,0,0,0,616,0,0,0,0,0.1,20,0,0,15313,8461,0,4
0,2,291,3,29.8,0,1,53.9,324,402.6,1890,2.1,0,0.2,14,105,46,71180,65488,3,4.5
0,0,0,0,0,0,0,0,694,0,0,0,0,0,10,0,0,160,94,0,4
0,7,606,10,40.1,0,1,82,459,692.2,3303,2.9,0,6.3,20,85,106,798453,959609,5,4.5
0,3,336,7,30.2,2,3,68.4,576,433.6,1925,3.4,1,0.9,19,219,75,193887,125129,3,5
0,1,330,6,183.1,0,1,78.2,61,389,2057,2.4,0,0.7,3,214,64,103330,104391,5,4.5
0,2,121,0,10.9,0,1,22.7,227,155,718,1.7,0,1.2,9,61,19,183417,204986,3,4
0,0,0,0,0,0,0,0,384,0,0,0,0,0.1,17,0,0,3535,26927,0,4
0,0,230,3,46.7,0,1,43.9,3,250.6,1396,2,1,0.8,1,144,41,77302,131045,1,5
0,3,256,4,20,0,0,45.5,398,319.2,1486,2.4,0,0.7,17,114,43,71573,108517,1,4.5
0,0,68,1,41.8,0,0,12,335,58.6,435,2.2,0,0.2,14,20,13,35572,56824,0,4
0,3,255,4,51,1,1,46,549,293,1203,3.3,0,0.6,10,115,50,77650,34721,1,4.5
0,0,24,1,7.7,0,0,2.7,111,17.4,88,3.5,0,0.1,5,2,7,10496,19910,0,4
1,0,222,5,87.7,0,1,41.6,333,240.4,1286,2.8,0,0.2,14,88,45,18860,13917,4,4.5
0,6,178,3,8.3,0,0,21.1,310,175.6,915,2.6,0,0.3,13,26,31,76269,83092,3,5
0,2,463,8,82.2,0,0,77.4,391,577,2520,2.8,0,2.4,17,114,77,783222,766145,3,4.5
0,0,64,0,26.4,0,0,9.8,288,67.6,380,1,0,0.2,12,5,6,13209,26712,0,4
3,5,203,3,77,0,0,34,83,199.4,1260,2.5,0,0.4,4,63,50,134740,197341,1,4.5
3,7,449,10,423,3,2,118.5,201,477.8,2456,3.1,0,3.2,10,281,110,593961,399434,7,5
0,8,580,12,34.2,1,2,101,46,695.6,3195,3.3,0,6.2,2,276,119,1426216,1059500,3,5
0,0,193,4,9,0,1,35,443,260.8,1197,2.8,1,0.6,19,79,39,305099,294112,1,5
0,1,160,2,9,0,1,37.6,334,251,1255,1.7,1,0.1,14,116,30,19342,20131,4,4.5
0,6,376,5,91.3,0,0,67.5,323,522,2080,2.2,0,0.6,14,64,53,114157,180259,4,4.5
2,8,303,7,220.8,2,0,57.6,266,248.6,1182,3.1,0,0.7,12,106,65,73976,121640,6,5
0,0,104,1,61.7,0,0,17.9,505,102.6,618,1.5,0,0.1,20,13,19,27818,44182,2,4.5
0,0,8,0,0.1,0,0,2.7,121,26.6,45,0,0,0.2,5,0,0,8098,27327,0,4
0,0,0,0,0,0,0,0,237,0,0,0,0,0,9,0,0,296,5037,0,4
0,0,0,0,0,0,0,0,327,0,0,0,0,0,14,0,0,382,2738,0,4
0,0,0,0,0,0,0,0,47,0,0,0,0,0.1,2,0,0,2055,10208,0,4
0,0,0,0,0,0,0,0,637,0,0,0,0,0,19,0,0,3709,2184,0,4
0,7,385,6,51,1,2,74.9,494,464.8,1996,3.4,1,4.6,1,233,78,1061292,1202841,2,5
0,1,30,1,0.9,0,0,3.6,685,17.2,113,4,0,0,10,18,8,1280,413,0,4
1,6,308,4,90.1,1,1,65.7,125,406.2,1800,2.6,0,0.2,6,157,53,37176,30784,3,5
2,8,632,13,133.6,1,2,126.3,298,701.4,3047,3.6,0,4.3,13,428,124,830414,848747,11,5.5
3,17,421,7,351.8,3,1,94.7,11,362.8,2089,3.8,0,3.5,1,232,94,1050959,1190364,8,5
0,0,0,0,0,0,0,0,649,0,0,0,0,0,20,0,0,2522,1601,0,4
0,1,234,2,17.4,1,2,44.3,451,375.6,1379,2.3,0,0.6,19,48,42,49272,116025,3,4.5
0,6,288,4,85.6,1,0,54.2,367,351,1537,2.3,0,0.2,16,104,41,33971,55453,2,4.5
0,0,5,0,14.8,0,0,1.7,380,1.8,66,1,0,0.8,16,0,1,77272,122779,0,4
0,3,229,2,38.1,0,2,54.7,328,345.2,1625,2.3,0,0.8,14,161,44,212271,402533,4,4.5
0,0,0,0,0,0,0,0,669,0,0,0,0,0,19,0,0,1072,739,0,4
1,3,261,3,224.8,1,0,54.2,513,272.6,1833,1.8,0,1.1,14,47,44,446207,507978,4,4.5
0,0,0,0,0,0,0,0,43,0,0,0,0,0,2,0,0,9840,10323,0,4
2,13,447,9,290.7,3,2,96,239,472.2,2070,4.4,0,6.1,9,195,101,2916788,3438570,4,5
0,9,534,11,148,1,1,127.7,81,773.4,3240,3,0,3,4,350,109,321901,492488,6,5
0,2,97,2,11.4,0,0,14.1,129,101.2,551,2.2,0,0,6,29,18,7866,8154,1,4.5
1,11,584,9,75,2,1,93.1,376,692,3100,2.6,1,4.6,16,164,94,1434502,1318145,5,4.5
1,4,494,6,102.1,1,3,106.7,369,671.8,2574,2.9,1,2.8,16,294,86,1564607,1476302,3,5
0,0,81,2,29.5,0,0,13.8,402,68.8,487,2.3,0,0.1,17,40,14,3812,9900,2,4.5
0,0,0,0,0,0,0,0,170,0,0,0,0,1,7,0,0,140402,333730,0,4
0,0,136,3,93.5,0,0,22.2,332,109.8,822,2.2,0,0.2,14,18,28,23143,41480,1,4
0,0,50,0,22.1,0,1,18.3,519,79.6,270,3,0,4.1,4,81,9,1073282,876794,1,4
4,18,610,14,673,3,2,163.7,277,569.8,2298,4.9,1,10.6,12,394,138,3025558,2345577,5,6
0,3,169,2,3.6,1,0,17.7,584,166.2,732,2.2,0,0.1,17,6,27,17636,15009,0,4.5
2,5,194,3,42.4,1,1,30.6,246,179,690,4.2,0,0.4,11,84,42,270019,298593,2,5
1,10,432,9,366,2,1,102.1,67,484.4,2280,3.4,0,1.3,3,169,96,358303,285358,3,4.5
1,6,353,7,118.2,1,0,51.3,134,366.8,2255,2.5,0,1.2,6,28,66,175521,214694,5,4.5
0,11,531,14,79.8,2,4,79,273,520,1933,5.8,1,9.7,12,192,128,2788702,2135003,0,5.5
0,1,58,1,31.8,0,0,10.8,462,61,496,2.3,0,0,20,14,16,5394,6734,0,4
0,0,19,0,8.1,0,0,2.8,160,11,78,1.2,0,0.1,7,8,5,7972,20462,0,4
2,12,536,10,129,2,2,77.9,219,532.4,2473,3.9,0,1.4,9,115,109,364144,285961,7,5.5
0,0,0,0,0,0,0,0,314,0,0,0,0,0,13,0,0,463,3648,0,4
0,0,94,0,18.1,0,0,12.5,260,106.8,589,1.4,0,1,11,0,10,109938,379548,0,4
0,0,0,0,0,0,0,0,406,0,0,0,0,0.1,17,0,0,1531,9829,0,4
0,0,5,0,0,0,0,1.3,598,13.2,90,-3,0,0.1,16,0,-3,10880,8626,1,4
0,0,0,0,0,0,0,0,342,0,0,0,0,0.1,14,0,0,8201,20694,0,4
0,1,85,1,12,0,0,14,85,102.6,636,1.8,0,0.1,4,25,14,13483,22838,2,4
0,0,80,0,59.7,0,0,18.7,545,100.4,573,1.1,0,0,20,26,13,5829,5428,1,4
4,4,483,8,490.1,1,1,113.9,17,446.4,2299,3.6,0,4.3,1,201,96,1021214,1490791,4,5
0,0,5,0,0.1,0,0,0,242,0,6,1,0,0,11,0,2,2562,5274,0,4
0,3,124,3,2.2,1,1,20.7,39,147,630,4.6,0,0.1,2,57,32,80874,80700,2,4.5
0,6,481,9,72.6,4,5,99,110,577.8,2027,4.5,0,8,5,339,108,2559577,2248361,3,5.5
0,0,0,0,0,0,0,0,679,0,0,0,0,0,7,0,0,748,421,0,4
1,7,410,9,200.9,2,1,62.1,270,332.2,1944,3.8,0,4.9,12,88,91,1028369,1157940,1,5.5
3,7,498,9,262.2,1,0,107.5,375,497.6,2646,3.1,0,4.2,16,316,93,1200322,1724328,4,5
0,0,5,0,0.6,0,0,0.3,214,2.8,31,1,0,1.1,10,0,2,111096,146362,0,4
0,17,626,11,136.7,3,5,130.2,62,720.4,2932,3.9,2,5.9,3,443,130,1136216,1271208,5,5
0,0,0,0,0,0,0,0,615,0,0,0,0,0,20,0,0,3354,2523,0,4
0,2,454,6,17.7,0,1,89.8,195,620.4,2186,2.4,1,0.3,10,259,59,71723,106684,4,4.5
9,18,590,9,704.2,2,0,143.5,155,592.6,2681,4,1,11.4,7,136,120,2355416,2221875,2,5.5
0,2,665,12,421.4,0,0,161.6,197,843.2,3399,2.6,0,2.7,10,350,100,452954,531709,7,4.5
0,0,0,0,0,0,0,0,622,0,0,0,0,0,12,0,0,1982,1698,0,4
5,22,640,10,1085.9,3,1,192.8,300,596,2653,3.9,0,17.3,13,243,124,2095769,846587,8,5.5
0,0,132,1,111.7,0,1,38.1,240,169,968,1.9,0,0.4,9,101,26,50237,50534,2,4.5
0,0,33,0,1.6,0,0,4.5,127,36.6,275,1,0,0.1,6,6,4,26863,30713,0,4
1,5,225,5,204.1,1,2,75.6,104,224.2,958,4.4,0,2.2,5,328,57,387913,481565,2,5.5
0,0,0,0,0,0,0,0,294,0,0,0,0,0,13,0,0,1048,4671,0,4
0,0,3,0,0,0,0,0.2,135,2.2,1,1,0,0.2,6,0,1,13494,82231,0,4
0,0,0,0,0,0,0,0,63,0,0,0,0,0,3,0,0,210,1059,0,4
0,4,426,9,126,1,1,64.1,165,432.2,2286,2.9,0,1,7,80,80,241570,184603,9,4.5
2,4,222,4,182.4,1,0,52,457,257.2,1238,2.8,1,3.8,17,79,47,233771,1540220,2,5
4,9,710,16,607,2,0,142.2,42,690.4,3404,3.6,0,12,2,122,138,1849292,997089,7,5
2,8,468,11,352.9,1,0,98.7,496,520.8,2373,3.2,1,0.7,2,110,89,220871,211501,6,5
0,0,0,0,0,0,0,0,73,0,0,0,0,0,3,0,0,339,717,0,4
1,6,545,10,380.8,1,1,105.8,92,551.2,3060,3,0,2.5,4,125,103,547303,364517,5,4.5
1,8,258,5,67.4,1,0,39.4,470,249.6,1307,3.2,0,5.9,20,78,58,1715264,1464150,4,4.5
1,13,649,11,87.8,3,3,114.5,156,814,2989,3.6,0,6.3,7,243,127,1208273,924625,4,5
0,0,0,0,0,0,0,0,663,0,0,0,0,0,3,0,0,1343,1077,0,4
0,0,119,0,29.9,0,0,25.4,479,188.2,841,1.2,0,0.1,16,34,14,6119,23802,1,4
0,1,150,3,46.9,0,1,24.7,279,156,797,2.9,0,2.4,12,44,29,271383,631492,4,5
0,0,0,0,0,0,0,0,145,0,0,0,0,0.6,6,0,0,76549,147031,0,4
1,0,172,2,84.3,0,0,27.2,577,150.8,1145,2.2,0,0.1,6,34,28,60400,57999,2,4
1,1,325,7,90.6,1,1,60.1,589,376.4,1455,4,0,4.7,11,132,68,660325,289181,2,4.5
0,0,51,1,47.8,0,0,12.2,264,42,247,1.8,0,4.1,11,34,11,618136,627244,1,4
0,0,1,0,0.7,0,0,0.2,31,0.8,15,-1,0,0.2,2,0,-1,19210,34156,1,4
3,11,548,9,412.9,0,1,130.7,546,595.2,2983,3.2,0,2.9,20,297,109,646076,491045,5,5
0,0,0,0,0,0,0,0,269,0,0,0,0,0.2,12,0,0,5379,44609,0,4
0,0,9,0,5.7,0,0,2.2,559,15,80,1,0,0.2,7,1,2,36185,33032,1,4
0,0,0,0,0,0,0,0,629,0,0,0,0,0,20,0,0,3898,1895,0,4
0,5,353,8,295.7,1,0,70.3,283,272,1473,3.5,0,0.6,12,134,69,93522,86808,0,5.5
0,0,0,0,0,0,0,0,215,0,0,0,0,1,10,0,0,135513,132245,0,4
0,0,2,0,0.5,0,0,0.1,467,0.6,22,1,0,1.4,20,0,1,256762,316207,0,4
0,1,150,3,17.2,0,0,16.7,652,131,801,2.9,0,0.4,11,19,26,142380,115769,3,5
0,1,182,4,26.4,0,0,20.6,10,163.2,900,3.4,0,0.1,1,16,34,39642,35159,2,4.5
0,2,402,7,66.3,1,1,80.1,211,513,2072,2.6,0,5.3,10,222,71,884065,608686,3,4.5
2,5,313,4,195.3,0,0,69.1,139,298.6,1775,2.5,0,0.4,6,198,54,167442,157280,2,5
0,2,204,3,68.1,0,1,38.8,331,274.4,1254,2.7,0,0.1,14,45,40,14442,6623,2,4.5
0,0,28,0,12.9,0,0,5.9,82,39.4,273,0.5,0,0.2,4,6,2,13530,44174,2,4
0,0,0,0,0,0,0,0,297,0,0,0,0,0,13,0,0,538,4778,0,4
1,6,264,3,234.5,1,1,67.4,563,243.2,1400,2.6,0,0.2,20,196,54,64843,58990,1,5
0,0,0,0,0,0,0,0,675,0,0,0,0,0,6,0,0,853,563,0,4
3,15,572,9,697.3,2,1,162.8,123,527.4,2367,3.5,0,6.9,5,399,112,2217959,2311355,3,5.5
0,0,0,0,0,0,0,0,690,0,0,0,0,0,7,0,0,541,274,0,4
0,1,135,3,29.8,0,0,20.4,594,111.6,659,3.1,0,0.3,11,62,28,75154,54373,0,4.5
1,0,152,2,162.4,0,0,48.9,226,183.4,954,1.8,0,0.6,9,144,27,184724,157983,3,5.5
0,0,0,0,0,0,0,0,658,0,0,0,0,0,4,0,0,2432,1499,0,4
1,10,536,11,76.1,1,0,77.7,16,602.6,2557,3.5,0,4.7,1,97,105,1074844,831290,2,4.5
0,2,220,4,52.2,1,0,41.4,491,230.2,1130,2.2,0,0.3,10,131,38,54457,84482,1,4.5
0,11,466,8,101.2,2,3,103.4,461,584.6,2407,3.7,0,5.8,20,347,99,2450655,2429578,2,5
0,0,24,0,25.3,0,0,5.7,471,31.2,172,0.5,0,0.7,20,0,1,56798,641304,0,4
1,12,656,17,91,1,1,96.3,556,651.6,2843,4.4,0,19.9,12,218,142,3169721,1715366,4,6
0,0,0,0,0,0,0,0,681,0,0,0,0,0,7,0,0,686,401,0,4
0,0,0,0,0,0,0,0,456,0,0,0,0,0.1,20,0,0,3905,28339,0,4
2,4,404,8,271.8,0,0,71.4,362,306.8,2598,2.7,0,0.7,16,135,78,133677,193104,5,5
1,0,127,1,166.8,0,1,41.9,438,155.2,564,2,0,0.2,19,96,28,24177,57997,2,4.5
0,0,0,0,0,0,0,0,534,0,0,0,0,0,6,0,0,4884,6529,0,4
0,0,0,0,0,0,0,0,399,0,0,0,0,0.1,17,0,0,1050,16595,0,4
0,0,0,0,0,0,0,0,522,0,0,0,0,0.4,6,0,0,62844,58981,0,4
1,1,233,2,17,0,1,40.3,486,284.6,1350,2.6,0,0.5,6,99,39,108121,136624,1,4
0,0,9,0,5.4,0,0,1.3,14,3.6,90,2,0,0.1,1,4,2,5329,21584,0,4
3,4,371,8,268.2,1,0,78,152,322.6,1607,3.2,0,2.4,7,189,81,459409,358280,0,5
3,4,370,6,267.6,1,2,87.4,389,412.2,1605,4.2,0,1.5,17,194,80,329516,494267,0,5
6,4,413,8,309.4,0,0,92.5,542,361.2,2244,3.3,0,4.1,17,253,89,1273765,1038892,5,89
0,0,0,0,0,0,0,0,58,0,0,0,0,0,3,0,0,662,5556,0,4
0,0,16,0,1,0,0,1.3,7,11.6,45,1,0,0,1,0,3,13464,14517,0,4
0,0,0,0,0,0,0,0,2,0,0,0,0,0.1,1,0,0,10266,19142,0,4
3,15,726,12,454.6,4,8,174.2,200,756.8,3410,4.5,0,33.1,10,527,171,4057136,1769387,7,5.5
3,2,156,2,162.9,0,1,46.7,77,147.8,887,3.2,1,2.2,3,156,35,1224276,1314351,2,4.5
0,0,0,0,0,0,0,0,623,0,0,0,0,0,12,0,0,421,563,0,4
0,0,0,0,0,0,0,0,319,0,0,0,0,0.5,13,0,0,72476,92685,0,4
0,10,481,10,84.9,2,2,84.5,490,537.8,1935,4,1,2.8,5,223,92,591224,676700,3,5.5
4,7,479,6,350.2,4,2,101.7,498,486.6,2345,3.5,0,5.7,9,181,94,2098048,2042062,1,5.5
0,0,17,0,30.5,0,0,6.4,312,17.8,80,0,0,0.1,13,16,0,5074,10563,1,4
0,4,469,10,106.5,1,1,84.6,386,559.8,2240,3.5,0,1.8,17,178,88,228249,316716,2,5
8,26,761,10,1238.8,4,2,255.7,259,789.6,3029,4.4,0,27.1,11,529,160,2272992,3840385,2,7.5
2,5,287,4,76.8,2,1,52.5,146,387.6,1710,3.1,0,12.8,6,60,58,2462336,2528023,1,4.5
2,8,633,14,97.3,2,2,119.3,41,798.4,3194,3.6,1,7.8,2,293,128,1697898,1349321,4,5
0,0,0,0,0,0,0,0,698,0,0,0,0,0,5,0,0,383,137,0,4
1,3,527,10,102.6,0,1,66.4,308,503,2585,3.5,0,1.9,13,56,102,271250,273777,0,5
0,1,73,1,4.8,0,1,15.3,250,82.4,370,3,0,6.2,11,66,15,385726,1998968,1,6.5
9,12,625,9,670.9,1,0,158.7,558,693.8,3054,3.8,0,8.6,19,220,128,1404346,731901,3,5
0,0,0,0,0,0,0,0,660,0,0,0,0,0,9,0,0,1414,1026,0,4
0,0,9,0,0.1,0,0,0.3,216,3,16,1,0,0.1,9,0,3,9870,15140,0,4
1,5,464,7,107.8,1,0,73.4,561,502,2260,2.5,0,1,9,121,71,238423,176127,7,4.5
0,0,3,0,0,0,0,0,713,0,1,1,0,0,13,0,1,0,0,0,4
0,0,0,0,0,0,0,0,27,0,0,0,0,0.4,1,0,0,30961,228228,0,4
1,4,364,6,46.1,0,1,64.2,458,414,1879,3.2,0,1.1,20,182,68,165928,272409,2,5
0,0,12,0,22.1,0,0,6,378,26,101,1,0,0,16,12,3,2274,7793,0,4
0,7,399,6,23.5,1,2,72.3,162,496.2,1936,3.3,0,1.7,7,200,79,411888,431930,2,5
1,2,95,1,74.1,0,2,48.2,78,104.2,783,2.2,0,0.3,3,307,38,85190,112232,0,5.5
0,0,0,0,0,0,0,0,638,0,0,0,0,0,19,0,0,8350,6560,0,4
0,0,0,0,0,0,0,0,447,0,0,0,0,0,19,0,0,663,846,0,4
3,21,452,7,307.4,4,13,170.4,6,602.4,1916,4.2,0,4.3,1,797,129,1923218,1961260,3,8.5
0,0,25,0,18.8,0,0,14.2,574,16,164,1,0,0.1,3,107,9,16415,14063,0,4
1,3,78,1,37.1,0,1,27.7,320,64,380,1.7,0,0.3,14,187,30,80784,102470,1,5
7,3,238,4,265.4,2,4,126.8,303,297.6,1477,3.4,1,3.2,13,709,75,1137115,1747811,0,8
0,7,107,6,243.6,0,3,93.8,87,153.8,1324,2.4,0,0.2,4,548,52,163868,165222,4,5.5
6,22,409,5,230.4,3,12,154.7,506,557.4,2081,5.2,0,5.1,14,761,134,4097548,4504514,2,7.5
0,0,38,1,26.9,0,1,22,564,52.6,305,1.4,0,0.1,17,142,13,28725,27619,2,4
0,0,12,0,11.6,0,0,1.8,153,2.2,44,0.8,0,0,7,4,4,7789,8583,1,4
7,16,443,7,488.6,2,9,203.4,377,581.8,2662,3.8,0,4.1,16,964,137,1794717,1836666,1,7
3,16,395,9,323.2,1,12,204,91,595.8,2741,4.2,0,5.6,4,1129,138,834276,555458,0,7
2,14,338,5,236.5,3,10,177.7,132,512.6,1808,3.5,1,1.3,6,1030,106,305921,236910,1,6.5
0,0,0,0,0,0,0,0,136,0,0,0,0,0.5,6,0,0,95747,151288,0,4
0,0,3,0,0,0,0,0,666,0,1,1,0,0,17,0,1,5299,4206,0,4
0,0,32,0,12.2,0,0,3.1,590,3.2,102,1,0,0.2,16,16,13,59733,49556,0,4
4,21,464,6,300.7,1,12,178.4,366,634.6,2172,4.5,0,6.6,16,866,131,2753878,3949010,1,8
4,15,286,6,269.7,2,6,117.7,588,319.8,1541,3.7,0,0.6,3,595,89,299406,269252,0,6
0,0,23,1,33.2,0,0,11.1,256,17.8,180,1.1,0,0.6,11,60,10,39351,99242,0,5
6,21,528,11,308,3,16,249,164,745.8,2871,5,0,29.5,7,1439,165,9031403,7917346,3,8
1,3,79,0,89.4,0,1,42.4,329,79.6,501,1.7,0,0.1,14,263,31,12806,12414,0,5.5
4,14,367,4,203.3,1,10,115,569,443.4,1364,3.8,0,6.9,13,513,99,1852062,1351938,4,8.5
1,5,120,1,97.3,0,2,42.1,22,116.6,411,2.1,0,0.5,1,211,36,68796,168266,0,5.5
0,0,0,0,0,0,0,0,596,0,0,0,0,0.1,7,0,0,11578,11613,0,4
3,5,198,0,166.1,0,4,114.9,504,238.2,1352,2.2,0,1,20,758,72,281227,312018,2,6
0,0,0,0,0,0,0,0,64,0,0,0,0,0.1,3,0,0,14497,32162,0,4
5,16,453,11,467.5,1,9,190,282,501,2056,4,0,2.5,12,931,115,1066742,1048709,2,8.5
0,0,0,0,0,0,0,0,53,0,0,0,0,0.1,3,0,0,5020,18731,0,4
14,40,880,12,659.1,9,23,355.9,388,1318.2,3083,6.9,0,44.5,17,1585,242,8181197,6160268,1,12.5
0,0,0,0,0,0,0,0,51,0,0,0,0,0.5,2,0,0,63562,164727,0,4
0,0,3,0,11.7,0,0,1.8,579,0.2,19,1,0,0.1,9,6,1,11121,11694,0,4
14,23,649,8,356.6,7,15,248.3,224,819.2,2838,5.5,0,17.5,9,1306,187,5184449,5485123,1,10.5
3,2,125,4,97.4,1,1,68.9,86,149.8,1248,1.7,0,0.3,4,449,54,65429,99975,3,5.5
0,2,45,0,16.2,0,1,14,641,46.6,215,2.1,0,0,6,80,15,15298,13370,0,5.5
0,0,0,0,0,0,0,0,667,0,0,0,0,0,10,0,0,3106,2443,0,4
0,0,5,0,1.8,0,0,0.1,613,0,37,0.8,0,0,4,0,3,7013,5537,1,4
2,5,258,3,250.1,1,4,122.2,340,357,1979,2.4,0,0.5,14,612,74,158671,155306,3,6
4,2,216,6,238.6,0,1,96.6,140,278.6,2086,2.1,0,1.4,6,451,70,213202,561773,4,6
0,0,0,0,0,0,0,0,444,0,0,0,0,0,19,0,0,429,691,0,4
0,0,18,0,5.6,0,0,5,651,13.4,138,1,0,0.1,7,31,11,29857,25422,0,4
1,0,85,1,76.7,0,1,31.7,50,77.2,265,1.5,0,7.6,2,169,23,1359157,1866164,0,4.5
2,18,424,5,413.9,3,12,176.5,233,540.2,1452,4.4,0,19.5,9,814,110,2481551,955935,1,7.5
0,0,0,0,0,0,0,0,463,0,0,0,0,0.1,20,0,0,8705,28295,0,4
0,0,0,0,0,0,0,0,476,0,0,0,0,0.3,20,0,0,29825,43182,0,4
0,0,5,0,0,0,0,0,592,0,3,1,0,0.1,4,0,2,21551,18309,0,4
0,0,0,0,0.3,0,0,0.2,539,0,39,1,0,0.9,12,4,1,306104,268454,0,4
2,2,194,3,194,0,3,87.3,93,197.4,1359,2.2,0,1.5,4,491,62,296799,240124,0,5.5
0,0,0,0,0,0,0,0,591,0,0,0,0,0.1,4,0,0,24766,21229,0,4
0,0,0,0,0,0,0,0,49,0,0,0,0,0,2,0,0,1633,8479,0,4
0,0,12,0,10.8,0,0,2,381,5.6,57,1,0,0.7,16,4,4,66576,201065,0,4
5,19,345,6,349.1,2,10,190.1,437,517.8,1972,4.5,0,10.9,19,1038,118,3250366,3117861,3,7.5
2,2,113,2,113.5,0,2,45.5,108,132.8,717,2.3,0,0.6,6,210,41,73147,187490,0,5.5
0,0,1,0,1.3,0,0,0.9,169,0,13,1,0,0.2,7,11,2,8011,36330,0,4
2,12,334,10,443.2,1,8,198.5,68,442.2,2508,3.2,1,2.1,3,1103,105,1115266,1143884,1,6.5
0,0,4,0,0.9,0,0,0.6,619,2.6,37,1,0,0.1,10,2,1,11590,9104,0,4
0,0,1,0,0.1,0,0,0.2,293,0,9,1,0,0.2,13,2,1,7620,24422,0,4
0,6,139,4,112,1,4,67.2,103,161.4,740,2.8,0,1.1,5,403,47,311528,353505,1,6.5
9,18,531,14,610.4,3,14,314,514,815.4,3328,4.5,1,22.1,2,1721,168,4635254,3049913,2,7.5
11,26,631,10,371,5,17,274.6,202,867.2,3052,5.1,0,45.2,10,1512,194,8141182,5349803,3,8
0,0,5,0,0,0,0,0.2,626,0,23,1,0,0,20,4,2,3443,3436,0,4
1,7,148,4,96.2,0,4,55,460,177.4,824,4.3,0,4.4,20,275,43,1160501,2220242,0,7.5
6,18,415,11,359.7,1,7,208.3,166,576.4,2862,3.6,1,7.1,7,1147,123,1760049,1969328,4,7.5
8,15,615,10,643.2,2,9,278.8,249,729.4,2837,3.9,0,5.7,11,1415,141,1278572,1209765,2,9
4,16,341,3,409.7,3,7,142.4,492,398.4,1279,3.4,0,2.7,10,617,89,473575,832303,3,6.5
0,0,0,0,0,0,0,0,692,0,0,0,0,0,10,0,0,1475,726,0,4
0,4,113,3,131.6,0,3,66.2,441,169.6,932,2.6,0,0.2,19,361,41,60525,94479,0,5
1,3,155,4,102.2,0,4,62.2,268,200.6,554,3.2,0,1.6,12,326,38,406215,574721,0,9
0,0,21,1,6.4,0,0,3.4,361,9.8,201,1.1,0,0.4,16,19,12,57958,135320,0,4
2,8,224,5,121.6,1,6,86.6,118,277.2,1031,3.1,0,2,5,483,69,589795,784328,0,6.5
12,7,394,13,532.4,2,6,232.5,117,514.8,2598,3.7,0,10.8,5,1276,128,2079800,4521382,2,9
0,0,11,0,1.1,0,0,2.3,48,5,15,1,0,0,2,17,3,2651,2640,0,4
1,3,131,5,165.9,0,1,50.9,642,89.6,1106,2.4,0,0.2,20,256,40,81283,69643,0,5
0,0,0,0,0,0,0,0,341,0,0,0,0,0.1,14,0,0,5738,27356,0,4
0,2,60,1,0,0,0,5.9,245,59.6,270,3.7,0,0.3,11,0,11,60478,67145,0,4.5
0,8,527,7,0,1,0,74,363,741.2,2700,3.1,0,10.9,16,0,94,1394575,2138155,2,4.5
0,13,660,10,0.1,2,1,79.4,252,776.4,2970,4.2,0,8.3,11,17,140,686423,1111372,1,6
0,0,0,0,0,0,0,0,617,0,0,0,0,0.2,20,0,0,33187,18945,0,4
0,0,0,0,0,0,0,0,371,0,0,0,0,0.1,16,0,0,2885,18962,0,4
0,0,49,0,0,0,0,8.2,99,82.6,360,0.8,0,1.1,4,0,3,97106,111591,0,4
0,11,625,11,0,2,0,70.3,8,702.2,3131,3.7,1,7.3,1,2,131,1013379,1112822,0,5
0,0,41,1,0,1,0,5.8,560,57.8,180,5,0,0.1,11,0,10,32711,32079,0,4
0,0,0,0,0,0,0,0,503,0,0,0,0,1.1,3,0,0,65891,102294,0,4
0,0,0,0,0,0,0,0,267,0,0,0,0,0,12,0,0,451,1844,0,4
0,0,0,0,0,0,0,0,606,0,0,0,0,0.1,14,0,0,25830,15803,0,4
0,0,0,0,0,0,0,0,223,0,0,0,0,0.2,9,0,0,5284,13185,0,4
0,0,46,1,0,0,0,4.7,430,46.2,270,3.3,0,0.2,19,0,10,25662,30154,0,4.5
0,4,416,9,0,1,0,46.4,291,464.2,2295,3.5,0,3.3,13,0,91,428055,554811,0,5
0,0,0,0,0,0,0,0,429,0,0,0,0,5.3,19,0,0,292883,435391,0,4
0,1,218,4,0,0,0,27.5,305,275.4,1125,3.4,0,2.1,13,0,44,119227,182553,3,5
1,3,696,19,10,2,0,59.6,278,586,3240,4.4,0,9.4,12,0,160,1106268,869307,3,6
0,8,613,16,0,0,0,47.2,548,470.2,2745,4.5,0,10.9,5,0,140,1702747,1011725,2,6
0,0,0,0,0,0,0,0,532,0,0,0,0,0.2,10,0,0,35742,26588,0,4
0,27,825,15,20,2,0,108.5,12,1067.2,3420,4.9,0,37.9,2,0,186,4031919,1763437,1,5.5
0,2,58,1,0,1,0,6.8,194,68,270,4.7,0,1,10,0,14,53051,143165,0,4.5
0,0,147,2,0,0,0,19.1,523,191,720,3.8,0,7,16,0,30,918508,451243,0,4.5
0,0,0,0,0,0,0,0,625,0,0,0,0,0,16,0,0,4560,2909,0,4
0,0,0,0,0,0,0,0,682,0,0,0,0,0,7,0,0,730,477,0,4
0,13,702,12,0,0,0,86.7,383,868,3420,3.9,0,6.6,17,0,149,887132,841198,0,5.5
0,20,774,11,10,5,0,103.7,213,1026,3150,4.4,0,8.5,10,0,154,1239460,712000,0,5
0,0,14,0,0,0,0,1.7,586,16.6,90,2,0,0.1,6,0,2,6127,5182,0,4
0,0,0,0,0,0,0,0,678,0,0,0,0,0,11,0,0,434,310,0,4
0,0,0,0,0,0,0,0,595,0,0,0,0,0.1,12,0,0,13327,11077,0,4
0,0,0,0,0,0,0,0,528,0,0,0,0,0.8,3,0,0,115580,72167,0,4
0,0,0,0,0,0,0,0,32,0,0,0,0,4.4,2,0,0,418448,447236,0,4
0,0,10,0,0,0,0,2.5,167,25,47,2,0,0.1,7,0,2,3157,6085,0,4
0,0,0,0,0,0,0,0,482,0,0,0,0,0.6,17,0,0,15535,49860,0,4
0,0,19,0,0,0,0,2.5,453,25.4,91,2,0,0.2,20,0,4,7709,18575,0,4
0,0,0,0,0,0,0,0,151,0,0,0,0,0.1,7,0,0,3190,10581,0,4
0,8,570,10,10.1,2,0,70.9,157,698.4,2742,3.7,0,5.3,7,0,114,759940,905018,1,5
0,0,0,0,0,0,0,0,208,0,0,0,0,0.8,10,0,0,22749,121038,0,4
0,6,450,4,0,0,0,68.3,325,682.4,2250,3.2,0,1.1,14,0,80,360613,346492,3,4.5
0,0,0,0,0,0,0,0,593,0,0,0,0,0.6,5,0,0,82437,47471,0,4
0,6,631,11,0,3,0,76.9,217,769,3420,3.4,0,9.6,9,0,128,729252,1038585,0,5
0,5,117,2,0,0,0,11.3,112,113.6,585,3.7,0,0.6,5,0,26,54730,178834,1,5
0,0,0,0,0,0,0,0,604,0,0,0,0,0.1,13,0,0,9246,7148,0,4
0,0,0,0,0,0,0,0,677,0,0,0,0,0,11,0,0,363,264,0,4
0,11,634,10,0,1,0,74.4,431,745.2,3150,3.8,0,3.2,19,0,133,624641,560165,2,5
0,0,0,0,0,0,0,0,488,0,0,0,0,0.1,14,0,0,3775,6831,0,4
0,6,255,3,0,0,0,34.6,326,346.8,1170,3.7,0,0.6,14,0,48,70342,52085,0,4.5
0,0,216,3,10.7,0,0,20.6,70,193.6,1260,2.6,0,5.6,1,2,37,514455,1323942,1,4
0,0,0,0,0,0,0,0,472,0,0,0,0,0.1,20,0,0,979,8042,0,4
0,0,0,0,0,0,0,0,527,0,0,0,0,0.9,1,0,0,171821,152715,0,4
0,0,0,0,0,0,0,0,686,0,0,0,0,0,13,0,0,573,329,0,4
0,0,0,0,0,0,0,0,674,0,0,0,0,0,19,0,0,987,595,0,4
0,20,652,11,20,2,0,86.8,96,846.6,2880,4.5,0,9.6,4,2,144,1059364,1505364,1,5.5
0,0,0,0,0,0,0,0,35,0,0,0,0,3.3,2,0,0,145134,953664,0,4
0,0,0,0,0,0,0,0,393,0,0,0,0,0.2,17,0,0,4988,21170,0,4
0,8,514,10,10,3,0,55.8,597,542.2,2430,3.7,0,3.4,3,4,101,490686,236845,2,4.5
0,0,0,0,0,0,0,0,433,0,0,0,0,0,19,0,0,415,1012,0,4
0,3,119,2,0,0,0,16.7,573,166.4,630,3.6,0,0.1,7,0,25,21704,17935,1,4
0,12,626,10,0,0,0,76.1,455,763.6,3330,3.6,0,4.6,20,0,132,537130,677271,1,5
0,0,8,0,0,0,0,1.7,547,16.6,15,1,0,0.1,1,0,1,5725,5378,0,4
0,1,27,0,0,0,0,3.7,608,37.4,90,7,0,0.4,12,0,7,43762,15725,0,4
0,0,0,0,0,0,0,0,289,0,0,0,0,0.1,13,0,0,509,8247,0,4
0,0,0,0,0,0,0,0,578,0,0,0,0,0.4,6,0,0,62283,39727,0,4
0,0,0,0,0,0,0,0,662,0,0,0,0,0.3,3,0,0,42279,17991,0,4
0,0,0,0,0,0,0,0,28,0,0,0,0,0.1,2,0,0,6442,7642,0,4
0,15,639,8,0,4,0,82.2,128,819.4,3330,3.4,0,3.6,6,0,124,611546,565965,2,4.5
0,0,0,0,0,0,0,0,126,0,0,0,0,0.3,6,0,0,8349,47653,0,4
0,0,20,0,10,0,0,2.6,583,15.2,180,1.5,0,0.1,4,0,3,21337,13662,0,4
0,0,7,0,0,0,0,0.4,101,4.2,90,1,0,0.2,5,0,1,6060,22411,0,4
0,0,8,0,0,0,0,1,538,9.6,90,2,0,0.1,12,0,2,26049,24110,0,4
0,0,0,0,0,0,0,0,60,0,0,0,0,0,3,0,0,9990,11304,0,4
3,2,421,9,319.4,2,2,102.1,512,433.8,2443,2.8,0,0.6,7,267,80,151809,282299,6,5.5
0,0,0,0,0,0,0,0,199,0,0,0,0,0,10,0,0,856,2338,0,4
1,2,265,5,355.7,0,1,91,54,255.2,1584,1.9,0,0.3,3,302,58,44560,110942,0,5.5
4,5,359,7,751,0,2,187.2,465,475.4,2640,2.5,0,5.3,20,645,94,463234,1443205,4,6
0,0,0,0,0,0,0,0,537,0,0,0,0,0,12,0,0,1505,1574,0,4
0,0,0,0,0,0,0,0,220,0,0,0,0,0.2,9,0,0,8544,45856,0,4
3,1,256,5,263.1,1,1,76,159,262.6,1530,2.2,0,0.2,7,233,65,38211,44448,0,6
1,0,58,0,32.9,0,1,17.1,248,70.8,243,1.6,0,0.1,11,68,21,6645,7703,0,6
0,0,-4,0,0.3,0,0,0.5,643,4.4,2,-0.5,1,0,16,0,-1,1387,890,0,4
1,3,148,5,210.6,0,1,61.5,80,170.6,1108,2.3,0,0,3,235,48,5004,7879,1,5.5
0,0,0,0,0,0,0,0,650,0,0,0,0,0,17,0,0,1662,1160,0,4
1,0,102,1,162.8,0,0,45.5,71,73.2,520,1.1,0,0,3,221,24,2689,5347,3,5.5
0,0,290,7,233.3,0,0,64.4,502,366.6,2050,2,0,0.6,7,42,47,84109,169712,6,4.5
5,5,278,7,394.2,1,3,118.9,338,376,1554,3.4,0,3.1,14,418,85,474911,1694463,0,6.5
1,0,34,0,31.2,0,0,7.8,640,38,165,2.7,0,0,13,9,8,6790,3540,0,4
1,0,224,5,244.5,0,0,53,158,189,1559,1.7,0,0.2,7,103,48,25681,45090,3,5
0,0,0,0,0,0,0,0,304,0,0,0,0,0,13,0,0,967,5568,0,4
1,0,47,1,80.3,0,0,23.5,436,50.6,362,1.1,0,0.1,19,106,17,4844,17871,3,5.5
5,8,378,7,694.6,0,1,152.1,137,511.4,2250,2.8,0,1.1,6,311,94,401401,417758,0,5.5
0,2,32,0,19.7,0,1,10,702,51.6,155,5.5,0,0,13,29,11,290,33,0,4
0,0,11,0,12.7,0,0,3.1,168,14.4,87,1,0,0.4,7,4,3,112153,145304,0,4
0,0,0,0,0,0,0,0,612,0,0,0,0,0,4,0,0,1779,1440,0,4
0,13,339,5,426.1,2,10,165.1,45,500.4,1604,4,0,1.2,2,726,111,616662,552243,2,6
4,5,585,11,843.2,1,3,156.1,89,559.2,3410,2.9,0,0.7,4,156,112,107366,119930,7,5.5
1,2,149,5,323.6,0,2,106.1,229,255.6,1322,2.3,0,0.6,9,482,58,61739,249985,2,6
2,0,101,3,132.1,0,0,39.9,394,103.4,613,2,0,0.6,17,165,30,50411,270129,0,6.5
0,0,0,0,0,0,0,0,696,0,0,0,0,0,11,0,0,142,51,0,4
0,1,75,2,142.7,0,1,32.7,154,104.8,447,1.8,0,0.1,7,80,21,13053,21968,2,5.5
7,9,413,11,476.2,2,2,134.1,281,399.6,2063,3.6,0,1.1,12,463,94,271176,265872,5,7
7,7,407,11,530.6,2,7,197.6,540,528.4,2315,3.8,0,0.7,2,917,135,263308,219181,1,6
0,0,38,1,50.9,0,0,9.5,124,36,259,1.6,0,0.1,5,8,8,13069,18609,0,4
0,0,0,0,0,0,0,0,147,0,0,0,0,0.1,6,0,0,10842,15803,0,4
0,0,0,0,0,0,0,0,475,0,0,0,0,0.2,20,0,0,16714,48253,0,4
14,36,870,13,1414.9,9,18,396.2,302,1292.6,3101,6.6,0,48.7,13,1253,244,6424737,4058471,6,12
5,8,414,8,650.6,2,5,212.7,24,493,2554,3.6,0,7.2,1,984,114,1921453,1914134,1,6.5
0,0,6,0,4.4,0,0,0.9,636,5.4,36,0.7,0,0,16,0,2,664,480,1,4
3,2,239,6,471.5,0,2,109.9,122,291.8,1050,2.6,0,0.4,5,336,59,130166,144962,0,5.5
0,0,7,0,1.1,0,0,0.6,672,1,18,1,0,0,2,5,2,422,216,0,4
2,0,62,0,87.5,0,0,24.9,541,73.4,275,1.8,0,0,9,88,16,15324,15554,0,4
0,2,438,8,103,0,1,81.3,133,574.8,3121,2.3,0,0.3,6,134,82,89287,93925,4,4.5
0,0,0,0,0,0,0,0,330,0,0,0,0,0,14,0,0,927,6178,0,4
3,3,264,7,378.8,1,4,146.2,119,361.4,1731,3,0,2.8,5,724,82,674397,1198261,2,8
0,0,0,0,0,0,0,0,659,0,0,0,0,0,12,0,0,511,358,0,4
0,0,0,0,0,0,0,0,552,0,0,0,0,0,12,0,0,2129,2047,0,4
0,0,0,0,0,0,0,0,668,0,0,0,0,0,19,0,0,632,401,0,4
1,3,70,2,82.9,1,1,18.2,33,65.4,225,5,0,0.1,2,33,20,23841,27592,0,4
0,0,0,0,0,0,0,0,693,0,0,0,0,0,10,0,0,219,128,0,4
2,0,226,5,233.4,0,1,74.8,263,224.6,1169,2.1,0,0.6,11,289,50,239769,241067,2,5
0,0,33,0,8.3,0,0,8,55,31,257,1.1,0,3.1,4,41,8,365908,1038265,1,4
2,5,240,8,322,0,3,106.2,469,285.6,1661,3.1,0,0.9,20,456,75,1047094,1059014,3,5.5
4,7,331,6,422.3,0,0,92.4,501,359.8,1609,2.5,0,0.7,1,141,62,161696,257622,4,6
1,1,145,4,145.7,0,3,61.5,311,186,907,2.9,0,0.2,13,285,43,21119,37798,3,6
0,0,38,0,5.1,0,0,8.2,59,24,209,1.3,0,0,3,52,9,2082,7154,0,4
1,2,520,11,343.8,0,2,121.3,448,561.2,2880,2.7,0,1.8,19,303,86,240342,456335,2,5
0,0,3,0,1.3,0,0,0.5,230,0.2,18,1,0,0.1,9,3,1,2724,14369,0,4
2,1,129,3,132.1,0,1,36.9,225,119.2,714,2.5,0,0.1,9,120,37,79845,89231,0,5
0,9,228,4,188.3,0,9,125.7,468,387.4,1106,4.5,0,5.7,11,680,86,4153092,4026791,2,7.5
2,0,133,0,58.4,0,1,24.5,495,117,511,1.7,0,1.3,13,70,32,169993,342394,1,5
2,0,358,12,304.5,0,0,90,52,403.4,2781,2.2,1,0.2,2,189,72,32703,48081,8,4.5
5,8,493,11,790.3,2,2,166.3,100,591.8,3068,3.1,0,0.5,4,277,113,80860,104671,1,6
8,17,470,6,653.1,4,4,155.4,489,516.2,2555,3.7,0,1.2,6,383,125,352596,319122,3,6
0,0,3,0,0.3,0,0,0.2,602,0,3,1,0,0,14,2,1,4028,3709,0,4
5,3,308,9,385.1,1,2,88.1,23,273.2,1438,3.7,0,3.5,1,222,74,759912,493705,0,5.5
1,0,96,1,137.1,0,1,48.4,387,115.2,700,1.2,1,0.1,17,236,28,15142,25083,4,6
0,0,48,0,29.8,0,0,6.8,149,37,260,1,0,0,7,1,8,2872,5526,1,4
2,2,421,11,106.8,0,0,64.6,253,460.4,2566,2.4,0,0.9,11,75,71,119250,188088,6,5.5
0,0,0,0,0,0,0,0,575,0,0,0,0,0,13,0,0,1125,1251,0,4
0,0,0,0,0,0,0,0,605,0,0,0,0,0,5,0,0,916,758,0,4
0,0,8,0,0.4,0,0,0.5,440,2.4,2,1,0,0.1,19,2,2,4675,35412,0,4
0,0,0,0,0,0,0,0,609,0,0,0,0,0,12,0,0,394,362,0,4
4,4,265,7,276.4,1,7,117,287,352.2,1297,4,0,3.6,12,543,95,534680,344667,1,7
0,1,404,12,395.6,0,1,108,299,482.6,2389,2.3,0,0.2,13,200,69,34222,36775,5,5
1,0,107,4,133.8,0,2,57.5,26,142.6,582,2.6,0,0.3,1,300,36,118159,102890,0,5.5
3,16,366,5,306.5,4,11,136.4,543,550.8,912,5.7,0,4.2,17,507,113,1717954,1399144,1,9
0,0,0,0,0,0,0,0,401,0,0,0,0,0.1,17,0,0,3097,8462,0,4
1,3,482,10,387,0,2,105.1,243,358.2,2938,2.6,0,1.2,11,307,97,180202,251629,1,8
1,0,149,5,222.8,0,1,54.3,403,169.2,939,1.9,0,0.4,17,155,35,16184,48901,5,6
2,1,396,10,327.6,0,1,94,9,456,2519,2.3,1,0.4,1,154,70,46739,85752,7,5
5,13,443,10,644.2,3,6,168.8,150,530.6,2244,3.4,0,2.9,7,510,122,568764,467711,2,7
3,8,239,10,485.6,2,2,112.8,114,274.8,1164,3,0,2.1,5,369,70,1741089,1797114,3,7.5
0,0,59,2,13.5,0,0,7.6,234,34,311,1.4,0,0.1,9,29,14,4932,7729,1,4.5
0,0,2,0,0,0,0,0.1,712,1.2,8,1,0,0,13,0,1,0,0,0,4
0,0,0,0,0,0,0,0,257,0,0,0,0,0,11,0,0,502,6183,0,4
0,0,124,1,77.6,0,0,22.8,397,128.2,856,1.3,0,0.1,17,24,19,5690,14642,5,4.5
5,13,348,7,359,2,9,172.7,235,556.4,1944,5,0,2.7,9,810,126,2581794,2718610,0,7
0,0,0,0,0,0,0,0,265,0,0,0,0,0.1,11,0,0,12394,20770,0,4
4,2,162,3,134.3,1,3,64.7,205,224.2,1150,2.9,0,2.1,10,289,63,1063120,1069382,0,5.5
0,0,0,0,0,0,0,0,30,0,0,0,0,0.1,2,0,0,6231,20057,0,4
11,26,777,13,1049.9,9,17,315.2,390,1052.2,3119,6.2,0,44.2,17,1046,228,8948988,7907511,0,10
0,0,43,0,71.5,0,0,21.8,209,55,344,1,0,0.3,10,91,14,74607,82473,0,4.5
0,0,132,3,143.2,0,0,32.9,565,120.4,1010,1.4,0,0,16,66,31,7329,6016,3,4.5
4,22,620,12,688.4,6,13,215.7,271,754.6,2025,5.6,0,17.1,12,712,157,4302689,3051539,1,7.5
0,0,211,4,117.7,0,0,55.3,336,278,1942,1.7,0,0,14,155,40,7016,12083,8,4.5
0,0,0,0,0,0,0,0,691,0,0,0,0,0,7,0,0,171,109,0,4
0,0,154,4,126.2,0,0,34.9,84,140,1350,2.1,0,0,4,82,33,11770,11954,2,4.5
12,13,531,12,1029.6,2,6,265.3,37,707.4,2183,5.2,0,14.6,2,917,135,5460292,5366064,6,8
10,15,542,11,821.7,4,8,225.2,203,759.2,2846,4.4,0,7.6,10,666,160,1309819,810579,2,6
0,0,0,0,0,0,0,0,599,0,0,0,0,0,10,0,0,2273,2001,0,4
0,0,0,0,0,0,0,0,434,0,0,0,0,0,19,0,0,1191,10331,0,4
3,7,252,3,280.8,1,2,93.2,497,363.4,1617,2.7,0,0.1,14,289,69,13892,13600,3,5
0,0,75,2,91.7,0,0,28.9,554,72.8,611,1.3,0,0.1,2,126,28,16728,14013,0,4.5
0,0,2,0,0.5,0,0,0.1,683,0,1,1,0,0,2,0,1,336,196,0,4
0,4,249,4,160.4,1,2,52.4,144,274,1810,1.9,0,0.7,6,88,64,272451,248089,4,5
0,0,0,0,0,0,0,0,607,0,0,0,0,0,11,0,0,639,563,0,4
0,0,59,2,62.2,0,0,28.8,628,63.8,643,1.8,0,0,3,162,21,2023,1071,0,4.5
0,0,0,0,0,0,0,0,317,0,0,0,0,0,13,0,0,2403,7023,0,4
7,12,473,10,770.3,3,8,202.5,231,588.4,2093,4.3,0,5.5,9,668,133,2715551,2509196,4,7
2,3,228,4,202.2,0,0,55.2,130,285.2,1465,2.5,0,0.1,6,65,45,8224,20013,3,4.5
0,0,129,2,87.2,0,0,20.9,131,112.2,816,1.6,0,0.7,6,10,26,143257,267918,1,4.5
2,2,204,4,242,1,0,55.2,241,200,1056,1.7,0,0.1,11,108,44,18310,28805,3,5
5,11,432,5,585.6,1,6,148.7,508,499.2,1763,4.4,0,7.8,7,399,101,3807180,4212199,4,7
7,17,772,9,971.2,4,8,226.5,370,940,3420,4.1,0,11.7,16,355,156,3148829,2591707,5,6.5
0,0,72,1,45.7,0,0,11.4,210,52,454,1.3,0,0,10,18,17,2137,4854,0,4.5
6,8,434,9,493.5,4,8,183.7,445,529.8,2556,3.7,0,2.5,19,812,141,916121,876060,0,6.5
0,0,0,0,0,0,0,0,207,0,0,0,0,0,10,0,0,1206,3584,0,4
0,0,3,0,0,0,0,0,550,0,1,1,0,0,3,0,1,2278,2354,0,4
0,0,1,0,0.9,0,0,0.5,161,3.8,11,1,0,0,7,0,1,749,657,0,4
1,3,177,3,99,1,2,40.3,485,211.4,1418,2.4,1,1.2,14,95,52,543306,578314,1,5
3,3,194,5,242.1,1,2,88.2,142,336.6,1415,2.4,0,0.1,6,304,65,15713,21008,3,5.5
0,0,0,0,0,0,0,0,633,0,0,0,0,0,3,0,0,889,720,0,4
5,15,332,4,288.2,4,9,130.4,301,487,1423,6.6,0,29.6,19,530,106,3276996,920521,3,7
0,0,0,0,0,0,0,0,688,0,0,0,0,0,6,0,0,236,144,0,4
1,4,446,6,726.9,0,1,132.2,454,478.4,2526,2.2,1,0.8,20,113,73,50731,216046,3,5
0,3,175,3,160.8,0,2,52.3,90,193.6,1358,2.3,0,0,4,170,50,17703,21422,2,5.5
7,2,492,14,600.5,0,3,154.1,38,579,3330,3.1,0,1.1,2,361,114,375366,353403,12,6
3,2,377,6,522.1,0,1,129.6,321,474.2,2616,2.5,0,0.2,14,299,74,21867,36741,7,5.5
2,2,345,4,262.3,0,1,72.9,244,358,1704,2.7,0,0.9,11,108,56,142183,286999,0,5
0,0,0,0,0,0,0,0,212,0,0,0,0,0.4,10,0,0,18977,99556,0,4
2,15,485,14,383.5,5,7,114.9,105,588.8,2006,4.1,0,4.7,5,175,114,1607580,1568248,2,6
0,0,2,0,1.3,0,0,1.2,72,3.2,8,1,0,0,3,7,1,10597,10602,0,4
0,0,0,0,0,0,0,0,34,0,0,0,0,0,2,0,0,1439,7779,0,4
0,5,254,4,137.2,1,8,97.3,20,436.6,1210,3.8,0,4.1,14,401,79,358152,34802,1,6
0,0,27,1,7.9,0,0,3.7,535,16,260,1.7,0,0,4,13,10,4559,4188,0,4
1,0,359,10,309.1,0,0,104.5,98,350.4,2812,2.2,0,0.1,4,384,74,9897,10328,2,4.5
0,0,0,0,0,0,0,0,374,0,0,0,0,0.1,16,0,0,10836,20629,0,4
3,3,126,1,132.8,0,1,32.7,290,108.4,507,3.6,0,0.1,13,86,32,12462,17999,0,5
6,3,268,8,307.7,1,4,114.2,500,325,1512,3.4,0,3.1,5,514,91,810778,1484571,2,8.5
0,0,0,0,0,0,0,0,671,0,0,0,0,0,2,0,0,396,274,0,4
2,2,396,9,539.3,0,1,115.8,204,535.4,2428,2.3,0,0.9,10,82,67,201523,339144,10,5
12,19,566,12,1170.1,3,6,284.7,272,760.8,1995,5.6,0,11.9,12,914,141,5387239,6461517,1,12
0,0,0,0,0,0,0,0,624,0,0,0,0,0,16,0,0,1291,960,0,4
2,2,330,11,261.4,0,1,99.2,464,386.4,2498,2.3,0,0.6,20,343,77,105414,212655,4,5
6,15,406,12,725.1,5,5,202.8,69,543.4,2602,3.8,0,1.8,3,759,132,672806,595206,2,6.5
0,0,0,0,0,0,0,0,601,0,0,0,0,0,11,0,0,641,608,0,4
5,5,238,4,258.4,1,3,87.7,392,322.4,1397,2.7,0,1.4,17,298,80,313296,394073,1,6.5
0,0,0,0,0,0,0,0,19,0,0,0,0,0.1,1,0,0,3459,17710,0,4
1,3,332,7,329.6,1,1,88.4,138,410.8,2357,2,1,0.2,6,143,63,19345,69021,8,5.5
0,0,0,0,0,0,0,0,614,0,0,0,0,0,20,0,0,2046,1531,0,4
0,0,0,0,0,0,0,0,551,0,0,0,0,0,4,0,0,1278,1428,0,4
1,3,152,6,180.1,1,2,86.7,40,213.6,1157,2.7,0,0.4,2,478,56,68773,142486,0,5.5
1,0,117,1,153,0,1,37.5,439,121.4,556,1.6,0,0.1,19,102,28,18837,20428,1,6
7,3,325,4,544.2,1,1,123.9,221,412.6,1735,2.5,0,0.2,9,282,78,18615,24464,2,5.5
11,9,535,12,682.1,3,11,260.3,306,793.2,2917,4.7,0,10.2,13,1127,174,3131786,2780899,4,9.5
0,0,132,0,88.6,0,0,17.6,427,80.4,701,1.3,0,0.3,19,7,27,16074,140132,1,4.5
2,3,183,3,322.8,1,1,65.9,645,169.8,861,2.9,0,0.6,1,167,40,266756,221553,0,7
1,1,115,4,32.5,0,0,15.4,44,110.8,747,2.1,0,0.4,2,10,27,86015,101021,3,4.5
2,9,318,7,278.7,3,7,152.7,315,370.8,1813,3.4,0,10.7,13,881,106,1377317,1050079,2,7.5
7,16,599,14,1336.9,2,6,306.3,120,770.4,2887,4.1,0,17.3,5,954,147,2764000,2037325,2,7.5
1,0,332,9,384.8,0,0,87,107,332.4,1809,2,0,0.3,5,153,54,38290,46752,4,5
0,0,0,0,0,0,0,0,533,0,0,0,0,0,10,0,0,2836,3026,0,4
5,3,407,8,661.4,0,4,145.7,198,464.6,2386,2.8,0,2.3,10,333,99,1084766,1107031,6,5.5
5,5,226,3,411.9,1,0,73.8,322,225.8,1347,2.9,0,0.1,14,101,52,12787,13795,2,5
0,0,0,0,0,0,0,0,25,0,0,0,0,0.1,1,0,0,2725,13207,0,4
0,0,47,1,35.6,0,0,7,487,32.6,376,2,0,0,14,2,10,1764,4056,0,4
0,0,0,0,0,0,0,0,222,0,0,0,0,0.2,9,0,0,29808,58030,0,4
0,0,0,0,0,0,0,0,143,0,0,0,0,0,6,0,0,2134,5224,0,4
0,0,0,0,0,0,0,0,632,0,0,0,0,0,3,0,0,105,101,0,4
0,0,0,0,0,0,0,0,553,0,0,0,0,0,20,0,0,4372,4508,0,4
0,0,0,0,0,0,0,0,1,0,0,0,0,0.5,1,0,0,3441,54937,0,4
2,8,367,5,447.3,1,4,132.6,339,452.6,2426,2.9,0,0.5,14,425,97,81648,124413,3,5.5
0,0,0,0,0,0,0,0,689,0,0,0,0,0,1,0,0,524,221,0,4
6,21,657,11,825.7,4,22,385.8,254,1056,3077,6.2,0,43.6,11,1980,231,6642020,5825059,0,12.5
0,3,258,5,99.9,1,1,37.8,526,200.2,1538,2.2,0,1.3,1,79,50,337581,304271,3,4.5
0,0,0,0,0,0,0,0,664,0,0,0,0,0,3,0,0,540,375,0,4
0,3,87,0,112.8,0,1,31.3,473,85,407,2,0,0,20,114,22,1549,1356,1,4.5
0,0,29,1,28.8,0,0,6.2,647,25.8,288,1.1,0,0,2,10,10,770,684,3,5
2,0,140,3,97.7,0,1,44.1,382,178,1229,1.7,0,0.1,16,170,46,18922,23572,5,5.5
0,2,214,5,94.5,0,0,34.6,385,182.2,1576,1.8,0,0.4,17,69,44,47668,72730,3,4.5
2,0,375,10,347.3,0,0,89.7,113,449,2140,2.1,0,2.4,5,96,62,239345,434912,7,5
0,0,78,2,100.5,0,0,29,261,70.6,517,1.5,0,0.2,11,119,15,17380,81802,1,5
1,0,234,4,118.7,0,0,29.6,518,153,1452,1.8,0,1.5,9,23,41,457969,438316,5,4.5
0,0,5,0,0,0,0,0.2,680,2,2,1,0,0,7,0,1,228,141,0,4
3,3,243,1,400.4,1,2,117.1,365,297,1727,2.3,0,0.2,16,477,67,47998,91192,1,6
2,2,76,2,86,1,1,38.2,524,94.6,735,2,0,0.4,16,203,36,67519,58523,2,5
1,0,223,4,149,0,0,44.7,295,218.4,1101,1.8,0,0.2,13,80,36,17251,29295,2,4.5
3,11,351,4,235.9,2,10,148.5,18,476.2,1606,3.9,1,2.4,1,774,114,284328,262799,1,7.5
0,0,0,0,0,0,0,0,710,0,0,0,0,0,17,0,0,0,0,0,4
0,0,0,0,0,0,0,0,404,0,0,0,0,0,17,0,0,1848,3369,0,4
1,4,264,6,229.1,0,1,67.6,364,349.2,1762,2.5,0,1.4,16,98,52,497459,705758,6,4.5
1,0,33,0,25.9,0,0,9.8,581,38.2,185,1.5,0,0,20,34,9,3769,3547,1,4
7,10,430,9,441.3,1,5,156.5,450,491.8,2571,3.8,0,0.5,19,631,125,284580,277180,3,6
3,0,103,1,97.9,0,0,33.4,193,84,414,1.8,0,0.3,10,153,28,27160,132343,1,5.5
8,11,525,10,1087.8,0,3,212.3,57,620.4,2479,3.4,0,0.4,3,415,116,162328,156843,3,6
6,11,355,5,376,1,3,122.5,296,451.4,1892,3.5,0,1.9,13,401,92,489815,518791,3,7.5
8,10,492,9,1007.3,1,5,232.5,474,594.2,2549,4,0,3.7,20,722,124,2326554,2155321,4,6.5
1,0,31,0,35.8,0,0,6.9,627,26.8,101,2.3,0,0,3,6,7,5560,4798,0,4
8,17,479,6,545.8,5,9,186,284,580.8,1607,4.8,0,9.8,12,734,135,2954662,2552215,0,8
3,11,358,10,361.5,3,10,167.4,4,493.8,2330,4.5,0,7.2,1,823,131,1240132,3870817,2,10
4,6,578,12,308.7,1,2,118.4,396,728.8,3420,2.8,0,1,17,146,107,190486,207148,9,5
9,10,458,14,584.1,1,10,260.3,276,663.4,2534,5,0,4.3,12,1366,154,2471153,2456429,4,11
10,11,489,9,889.3,4,6,251.3,570,719.6,2358,4.4,0,9.4,10,902,133,2353465,1621868,3,6.5
0,0,3,0,0,0,0,0.2,630,0,4,1,0,0,3,2,1,684,500,0,4
0,0,2,0,9.7,0,0,2.4,21,4.2,70,1,0,0,1,10,2,2497,7021,0,4
8,15,505,11,693.6,4,9,219.1,275,606,1945,5.4,0,6.4,12,893,145,2524433,2242060,0,9
1,3,157,7,133.9,0,1,47.2,95,174.2,1047,2.3,0,0,4,168,44,13631,16717,3,5
2,5,531,13,546.3,0,2,152.4,286,640.6,2747,2.7,0,0.4,12,335,91,60581,76856,6,5.5
0,0,0,0,0,0,0,0,337,0,0,0,0,0,14,0,0,1553,6243,0,4
2,4,286,8,579.3,1,3,128.6,106,274.2,1566,2.9,0,0.7,2,431,76,516766,520520,0,5.5
1,10,502,8,455,1,5,159.9,466,697.2,2670,2.9,0,1.4,20,445,104,223634,314057,8,5.5
0,0,0,0,0,0,0,0,655,0,0,0,0,0,16,0,0,354,260,0,4
4,0,154,4,395,0,0,70.1,507,142.8,922,2.2,1,0.2,14,165,39,25574,87688,0,5.5
11,14,513,12,809.7,3,11,315.5,251,808.8,2808,5,0,8.2,11,1535,176,2013619,2364727,3,12
6,4,255,3,371.9,0,1,104.6,587,301,1376,2.4,0,0.4,19,371,73,89546,66151,0,6
2,4,413,9,270.5,1,4,110.9,309,523.2,2124,2.8,0,0.8,13,314,91,247801,225008,3,5.5
1,1,168,2,182.8,0,0,50.8,480,179.2,1405,1.9,0,0.1,14,148,41,9187,14524,2,4.5
0,0,0,0,0,0,0,0,684,0,0,0,0,0,9,0,0,227,161,0,4
0,0,6,0,1.1,0,0,0.1,673,0.2,9,1,0,0,13,0,2,756,391,0,4
0,0,10,0,1.2,0,0,2,676,9.6,84,1.5,0,0,9,9,3,530,352,0,4
0,0,0,0,0,0,0,0,372,0,0,0,0,0,16,0,0,634,4788,0,4
2,6,283,7,414.3,1,2,110.5,65,368.6,1670,3.3,0,0.4,3,322,69,296656,291147,0,5.5
0,3,141,5,154.9,1,1,37.6,79,132.2,892,2.3,0,0.9,3,88,35,236556,206801,2,5
4,2,129,5,190.9,0,1,52.8,400,161.4,1202,2.6,0,0.4,17,180,55,37028,113254,3,6
7,4,455,8,496.7,1,4,149.4,368,541.2,2764,3.5,0,0.5,16,457,115,152706,149062,3,6
0,0,0,0,0,0,0,0,316,0,0,0,0,0,13,0,0,799,1499,0,4
0,2,153,2,92.3,0,3,54,258,168.2,999,2.5,0,0.3,16,281,48,100137,117298,1,5.5
3,7,407,12,270.8,1,3,96.2,405,408,2086,3,0,0.6,17,281,99,139752,135522,3,6
0,0,0,0,0,0,0,0,703,0,0,0,0,0,9,0,0,80,19,0,4
0,0,0,0,0,0,0,0,611,0,0,0,0,0,20,0,0,1906,1338,0,4
0,0,0,0,0,0,0,0,631,0,0,0,0,0,3,0,0,519,409,0,4
0,0,2,0,1.4,0,0,0.2,661,0.6,9,1,0,0,9,0,1,533,380,0,4
0,0,0,0,0,0,0,0,687,0,0,0,0,0,9,0,0,229,115,0,4
0,0,5,0,15.1,0,0,2.4,610,9,8,1,0,0,20,0,1,840,626,0,4
4,2,185,5,248,0,3,88,148,269.8,1629,3.5,0,0.3,16,366,76,166955,174871,0,6
0,1,331,8,460.3,0,1,101.9,531,378.8,1851,2.3,0,1.2,11,178,55,428156,420510,4,5.5
2,0,273,6,195.7,0,0,61.7,567,289.4,1529,2,0,0.3,1,129,47,122595,115671,5,5
1,1,209,5,112,0,0,34.7,163,205.6,1417,1.9,0,0.1,7,30,47,6570,12453,3,5
2,16,555,11,271.1,4,10,208.8,449,889.8,3420,3.9,1,11.2,19,925,147,3009936,2532815,7,6
0,0,0,0,0,0,0,0,285,0,0,0,0,0.1,12,0,0,7422,11287,0,4
0,0,0,0,0,0,0,0,644,0,0,0,0,0,7,0,0,474,355,0,4
2,0,169,4,239,0,1,72.5,206,189.4,1330,1.8,0,0.1,10,296,49,15351,15615,3,5
1,0,112,0,179,0,0,33.3,515,80,509,1.4,0,0,20,72,26,2715,4911,0,4
4,11,430,7,234.5,0,1,86.2,236,549.2,2175,3,0,0.7,9,78,79,75053,178430,6,5
4,11,362,6,428.5,3,11,200.4,141,572.6,2612,4.5,0,9.9,6,1003,136,4315189,4470186,6,7
0,0,0,0,0,0,0,0,634,0,0,0,0,0,16,0,0,350,272,0,4
0,0,17,0,7.4,0,0,3.3,379,16.8,171,1.7,0,0.1,16,9,5,26148,49229,0,4
7,9,306,3,534.8,1,1,102.3,478,256.2,1398,3.1,0,2.7,1,228,78,810536,1379122,0,6.5
2,1,127,2,294.2,0,0,47.6,247,95.2,548,1.9,0,0.1,11,86,26,7565,10064,2,6
4,11,633,11,788.2,2,6,209.1,228,840.4,3356,3.5,0,3.8,9,462,133,774692,679929,6,6.5
0,2,487,11,295.5,0,1,101.1,76,523.6,3112,2.1,1,1.6,3,196,77,379298,567702,8,4.5